"document_id","borough","doc_type","party_type","name","address_1","address_2","country","city","state","zip","recorded / filed","doc_amount"
"2018031400699001",1,"DEED","1","FALCONER, LLC","610 FIFTH AVENUE, 2ND FLOOR","","US","NEW YORK","NY","10020","2018-03-15 00:00:00",39000000
"2018031400699001",1,"DEED","2","CENTURY FRONTIER LIMITED","2735 SAND HILL ROAD","","US","MENLO PARK","CA","94025","2018-03-15 00:00:00",39000000
"2018022600763001",1,"BOTH RPTT AND RETT","1","15TH PROPERTY HOLDINGS LLC","C/O:. PROSKAUER ROSE LLP","ELEVEN TIMES SQUARE","US","NEW YORK","NY","10036","2018-03-14 00:00:00",35000000
"2018022600763001",1,"BOTH RPTT AND RETT","2","995 PENT LLC","C/O:. LAW OFFICE OF FRED SAMUEL","60 EAST 42ND STREET, SUITE #4700","US","NEW YORK","NY","10165","2018-03-14 00:00:00",35000000
"2018030500702001",1,"DEED","1","56TH AND PARK (NY) OWNER LLC","540 MADISON AVENUE, 8TH FLOOR","","US","NEW YORK","NY","10022","2018-03-12 00:00:00",32422270.28
"2018030500702001",1,"DEED","2","SOARHIGH GLOBAL LTD.","C/O ILYSE DOLGENAS, ESQ., WITHERS BERGMAN LLP","420 PARK AVENUE, 10TH FLOOR","US","NEW YORK","NY","10022","2018-03-12 00:00:00",32422270.28
"2018032300939001",1,"DEED","1","THIRBAN REALTY HOLDINGS LLC","C/O: ISAACS & ASSOCIATES PLLC","260 MADISON AVENUE, 17TH FLOOR","US","NEW YORK","NY","10016","2018-03-27 00:00:00",25629826.88
"2018032300939001",1,"DEED","2","CHEGET LLC","C/O: SULLIVAN & CROMWELL, ATTN ZENA TAMLER","125 BROAD STREET","US","NEW YORK","NY","100042498","2018-03-27 00:00:00",25629826.88
"2018031400926001",1,"DEED","1","ONE57 63A LLC","C/O: MARTIN POLEVOY, DLA PIPER LLP (US)","1251 AVENUE OF THE AMERICAS, 28TH FLOOR","US","NEW YORK","NY","10020","2018-03-20 00:00:00",23000000
"2018031400926001",1,"DEED","2","XANTHOS INVESTMENTS LIMITED","C/O: MARTIN POLEVOY, DLA PIPER LLP (US)","1251 AVENUE OF THE AMERICAS, 28TH FLOOR","US","NEW YORK","NY","10020","2018-03-20 00:00:00",23000000
"2018031401040001",1,"DEED","1","WEST 57 HUDSON LLC","C/O: MARTIN POLEVOY, DLA PIPER LLP (US)","1251 AVENUE OF THE AMERICAS, 28TH FLOOR","US","NEW YORK","NY","10020","2018-03-16 00:00:00",21500000
"2018031401040001",1,"DEED","2","XANTHOS INVESTMENTS LIMITED","C/O: MARTIN POLEVOY, DLA PIPER LLP (US)","1251 AVENUE OF THE AMERICAS, 28TH FLOOR","US","NEW YORK","NY","10020","2018-03-16 00:00:00",21500000
"2018031300730001",1,"DEED","1","1711 LLC","11 EAST 26TH STREET","SUITE 1300","US","NEW YORK","NY","10010","2018-03-14 00:00:00",20558626.25
"2018031300730001",1,"DEED","2","C360 ACQUISITION, LLC","360 EAST 89TH STREET","","US","NEW YORK","NY","10128","2018-03-14 00:00:00",20558626.25
"2018031300296001",1,"BOTH RPTT AND RETT","1","SUSSMAN, AVIVA B","101 CENTRAL PARK WEST, APT. 16B","","US","NEW YORK","NY","10023","2018-03-14 00:00:00",19200000
"2018031300296001",1,"BOTH RPTT AND RETT","1","SUSSMAN, MARVIN S","101 CENTRAL PARK WEST, APT. 16B","","US","NEW YORK","NY","10023","2018-03-14 00:00:00",19200000
"2018031300296001",1,"BOTH RPTT AND RETT","2","ARONSON, JEFFREY H","101 CENTRAL PARK WEST, APT. 9E","","US","NEW YORK","NY","10023","2018-03-14 00:00:00",19200000
"2018031300296001",1,"BOTH RPTT AND RETT","2","ARONSON, SHARI L","101 CENTRAL PARK WEST, APT. 9E","","US","NEW YORK","NY","10023","2018-03-14 00:00:00",19200000
"2018030601004001",1,"DEED","1","215 CHRYSTIE LLC","40 WEST 57TH STREET","SUITE 1620","US","NEW YORK","NY","10019","2018-03-08 00:00:00",19000000
"2018030601004001",1,"DEED","2","ANDOVER DRIVE, LLC","C/O: STEVEN MATZ, ESQ., KATZ & MATZ","1350 AVENUE OF THE AMERICAS, 3RD FLOOR","US","NEW YORK","NY","10019","2018-03-08 00:00:00",19000000
"2018030800440001",1,"DEED","1","56 LEONARD LLC","C/O: ALEXICO GROUP LLC","150 EAST 58TH STREET","US","NEW YORK","NY","10155","2018-03-08 00:00:00",17300623.59
"2018030800440001",1,"DEED","2","PH52A LEONARD LLC","56 LEONARD STREET, UNIT 35BW","","US","NEW YORK","NY","10013","2018-03-08 00:00:00",17300623.59
"2018032300121001",1,"BOTH RPTT AND RETT","1","GRUMBACH, GEORGE J JR.","300 CENTRAL PARK WEST","","US","NEW YORK","NY","10024","2018-03-27 00:00:00",15000000
"2018032300121001",1,"BOTH RPTT AND RETT","2","ARDSLEY MARCH 2018 TRUST","COHEN & FRANKEL LLP","11 EAST 44TH STREET","US","NEW YORK","NY","100173608","2018-03-27 00:00:00",15000000
"2018032300121001",1,"BOTH RPTT AND RETT","2","ROBERT FRANKEL, AS TRUSTEE","COHEN & FRANKEL LLP","11 EAST 44TH STREET","US","NEW YORK","NY","10017","2018-03-27 00:00:00",15000000
"2018030601118001",1,"DEED","1","150 WOOSTER LLC","C/O: KUB CAPITAL LLC","134 SPRING STREET, SUITE 305","US","NEW YORK","NY","10012","2018-03-07 00:00:00",13899112.5
"2018030601118001",1,"DEED","2","150 WOOSTER SOHO LLC","P.O. BOX 128","","US","SOUTH HARWICH","MA","02661","2018-03-07 00:00:00",13899112.5
"2018031301249002",1,"DEED","1","ALLETTO, LAWRENCE","20 CASTLEBRIDGE COURT","","US","HILTON HEAD ISLAND","SC","29928","2018-03-19 00:00:00",13500000
"2018031301249002",1,"DEED","2","DMS MIDDLE LANE VII LLC","2 NORTH MOORE STREET","","US","NEW YORK","NY","10013","2018-03-19 00:00:00",13500000
"2018030600005002",1,"DEED","1","AITKENHEAD, BENEDICT","602 EUCLID STREET","","US","SANTA MONICA","CA","90402","2018-03-07 00:00:00",13250000
"2018030600005002",1,"DEED","1","OKORONKWO, IFEOMA M","63 EAST 82ND STREET","","US","NEW YORK","NY","10028","2018-03-07 00:00:00",13250000
"2018030600005002",1,"DEED","2","GSH HOLLY LLC","C/O: BENJAMIN BRAKA","450 SEVENTH AVENUE, 45TH FLOOR","US","NEW YORK","NY","10123","2018-03-07 00:00:00",13250000
"2018031600256001",1,"DEED","1","56 LEONARD LLC","C/O: ALEXICO GROUP LLC","150 EAST 58TH STREET","US","NEW YORK","NY","10155","2018-03-19 00:00:00",12760449.95
"2018031600256001",1,"DEED","2","QUICKWIT GLOBAL LIMITED","C/O: REIS COOPER LLP","250 WEST 57TH STREET, SUITE 1612","US","NEW YORK","NY","10107","2018-03-19 00:00:00",12760449.95
"2018031900148002",1,"DEED","1","TENOR INTERNATIONAL HOLDING LIMITED","NO 2 THE FORUM GRENVILLE STREET","","JE","ST HELIER","CH","JE1 4HH","2018-03-21 00:00:00",12300000
"2018031900148002",1,"DEED","2","213 WEST TRUST","213 WEST 23RD STREET, UNIT 7/8N","","US","NEW YORK","NY","10011","2018-03-21 00:00:00",12300000
"2018031900148002",1,"DEED","2","ELLYN ROTH MITTMAN, AS TRUSTEE","110 EAST 59TH STREET, 23RD FLOOR","","US","NEW YORK","NY","10022","2018-03-21 00:00:00",12300000
"2018031400719001",1,"BOTH RPTT AND RETT","1","MCGRAW, JOHN L","825 FIFTH AVENUE","UNIT 15BC","US","NEW YORK","NY","10065","2018-03-28 00:00:00",12000000
"2018031400719001",1,"BOTH RPTT AND RETT","1","MCGRAW, MARJORIE P","825 FIFTH AVENUE","UNIT 15BC","US","NEW YORK","NY","10065","2018-03-28 00:00:00",12000000
"2018031400719001",1,"BOTH RPTT AND RETT","2","FISCHER, DAVID T","1250 WEST LONG LAKE ROAD","","US","BLOOMFIELD","MI","48302","2018-03-28 00:00:00",12000000
"2018031400719001",1,"BOTH RPTT AND RETT","2","FISCHER, JENNIFER M","1250 WEST LONG LAKE ROAD","","US","BLOOMFIELD","MI","48302","2018-03-28 00:00:00",12000000
"2018030200691001",1,"BOTH RPTT AND RETT","1","O'HARA, DARA B","131 KIRBY LANE","","US","RYE","NY","10508","2018-03-02 00:00:00",11500000
"2018030200691001",1,"BOTH RPTT AND RETT","1","O'HARA, TIMOTHY P","131 KIRBY LANE","","US","RYE","NY","10508","2018-03-02 00:00:00",11500000
"2018030200691001",1,"BOTH RPTT AND RETT","2","DUSHEY, DAVID","1020 PARK AVENUE, UNIT 15AB","","US","NEW YORK","NY","10028","2018-03-02 00:00:00",11500000
"2018030200691001",1,"BOTH RPTT AND RETT","2","DUSHEY, FORTUNE","1020 PARK AVENUE, UNIT 15AB","","US","NEW YORK","NY","10028","2018-03-02 00:00:00",11500000
"2018032800311001",1,"DEED","1","12 EAST 13TH STREET PROPERTY OWNERSHIP LLC","330 7 AVE","","US","NEW YORK","NY","10001","2018-03-28 00:00:00",11500000
"2018032800311001",1,"DEED","2","12 E 13TH ST#PH LLC","12 E 13 ST., UNIT PH","","US","NEW YORK","NY","10003","2018-03-28 00:00:00",11500000
"2018021400631001",1,"BOTH RPTT AND RETT","1","THORNE, DANIEL  K","P.O. BOX 308 - STAR LAKE FARM","","US","GEORGES MILLS","NH","03751","2018-03-06 00:00:00",11250000
"2018021400631001",1,"BOTH RPTT AND RETT","2","LEBEN, LESLEY G","1 EAST 66TH STREET, APT. 17AB","","US","NEW YORK","NY","10065","2018-03-06 00:00:00",11250000
"2018021400631001",1,"BOTH RPTT AND RETT","2","LEBEN, NORMAN L","1 EAST 66TH STREET, APT. 17AB","","US","NEW YORK","NY","10065","2018-03-06 00:00:00",11250000
"2018031500286003",1,"DEED","1","MILIOS, IOANNIS","140 FRANKLIN STREET, UNIT PHA","","US","NEW YORK","NY","10013","2018-03-15 00:00:00",10750000
"2018031500286003",1,"DEED","2","KELEDJIAN, KHAJAK","101 WARREN ST APT 3020","","US","NEW YORK","NY","100071375","2018-03-15 00:00:00",10750000
"2018030700094001",1,"DEED","1","AGBH PRINTING HOUSE HOLDINGS, L.L.C","ATTN: ABC PROPERTIES","152 WEST 57TH STREET, 12TH FLOOR","US","NEW YORK","NY","10019","2018-03-07 00:00:00",10691625
"2018030700094001",1,"DEED","2","REAL SURF HOLDINGS LLC","421 HUDSON STREET, TH1","","US","NEW YORK","NY","10014","2018-03-07 00:00:00",10691625
"2018031600425001",1,"DEED","1","GREENE MERCER HOLDINGS LLC","11 EAST 44TH STREET, SUITE 1100","","US","NEW YORK","NY","10017","2018-03-16 00:00:00",10691625
"2018031600425001",1,"DEED","2","DROP ZED PROPERTIES NYC LLC","C/O:. KALLMAN & THOMPSON & LOGAN, LLP.","ATTN: MICHAEL THOMPSON,  125 S BARRINGTON PL.","US","LOS ANGELES","CA","900493305","2018-03-16 00:00:00",10691625
"2018030500878005",1,"DEED","1","10 MSW 5E LLC","C/O ISAACS & ASSOC.","260 MADISON AVENUE, 17TH FL.","US","NEW YORK","NY","10016","2018-03-05 00:00:00",10100000
"2018030500878005",1,"DEED","2","HADDOCK VC LLC","20 PINE STREET","SUITE 1005","US","NEW YORK","NY","10005","2018-03-05 00:00:00",10100000
"2018031200907001",1,"BOTH RPTT AND RETT","1","URIDASHI LLC","34 LAIGHT STREET, APT PH","","US","NEW YORK","NY","10013","2018-03-13 00:00:00",10000000
"2018031200907001",1,"BOTH RPTT AND RETT","2","YELLYFISH LLC","30 NORTH MOORE STREET","","US","NEW YORK","NY","10013","2018-03-13 00:00:00",10000000
"2018030200436004",1,"DEED","1","DOWNTOWN RE HOLDINGS LLC","C/O MADISON REALTY CAPITAL","825 THIRD AVENUE, 37TH FLOOR","US","NEW YORK","NY","10022","2018-03-06 00:00:00",9555000
"2018030200436004",1,"DEED","2","GRINSELL, SCOTT","1 GREAT JONES ALLEY","688 BROADWAY , UNIT 9","US","NEW YORK","NY","10012","2018-03-06 00:00:00",9555000
"2018030200436004",1,"DEED","2","RUBIN, BASHA","1 GREAT JONES ALLEY","688 BROADWAY, UNIT 9","US","NEW YORK","NY","10012","2018-03-06 00:00:00",9555000
"2018022700887001",1,"BOTH RPTT AND RETT","1","EDWARD COHN, EXECUTOR","C/O: IRWIN, LEWIN, COHN & LEWIN, P.C.","845 THIRD AVENUE, SUITE 1400","US","NEW YORK","NY","10022","2018-03-05 00:00:00",9475000
"2018022700887001",1,"BOTH RPTT AND RETT","1","ESTATE OF JACQUELINE S. BIKOFF","C/O: IRWIN, LEWIN, COHN & LEWIN, P.C.","845 THIRD AVENUE, SUITE 1400","US","NEW YORK","NY","10022","2018-03-05 00:00:00",9475000
"2018022700887001",1,"BOTH RPTT AND RETT","1","JOHN LEWIN, EXECUTOR","C/O: IRWIN, LEWIN, COHN & LEWIN, P.C.","845 THIRD AVENUE, SUITE 1400","US","NEW YORK","NY","10022","2018-03-05 00:00:00",9475000
"2018022700887001",1,"BOTH RPTT AND RETT","2","BENDET EISNER, STACEY","1 WEST 72ND STREET, APT. 77","","US","NEW YORK","NY","10023","2018-03-05 00:00:00",9475000
"2018022700887001",1,"BOTH RPTT AND RETT","2","EISNER, ERIC DAMMAN","1 WEST 72ND STREET, APT. 77","","US","NEW YORK","NY","10023","2018-03-05 00:00:00",9475000
"2018030800786001",1,"DEED","1","LADBROKE GARDENS, LLC","7 LEROY STREET","","US","NEW YORK","NY","10014","2018-03-14 00:00:00",9300000
"2018030800786001",1,"DEED","2","MOALEMZADEH, KAMIAR","25 BOND STREET, UNIT 2E","","US","NEW YORK","NY","10012","2018-03-14 00:00:00",9300000
"2018030801135001",1,"DEED","1","BA (USA) PROPERTIES LTD.","19 EAST 54TH STREET","","US","NEW YORK","NY","10022","2018-03-14 00:00:00",8655125
"2018030801135001",1,"DEED","2","BAKOS, YANNIS","684 BROADWAY","#7E","US","NEW YORK","NY","10012","2018-03-14 00:00:00",8655125
"2018030801135001",1,"DEED","2","CHAPAS, ANNE M","684 BROADWAY","#7E","US","NEW YORK","NY","10012","2018-03-14 00:00:00",8655125
"2018032200078001",1,"DEED","1","SNOWPLOW LH LLC","950 3 AVE","","US","NEW YORK","NY","10022","2018-03-27 00:00:00",8495205
"2018032200078001",1,"DEED","2","PROPERTY HOLDINGS COMPANY NO. 1, LLC","252 E 57 ST., UNIT 59C","","US","NEW YORK","NY","10022","2018-03-27 00:00:00",8495205
"2018030700669001",1,"DEED","1","45 EAST 22ND STREET PROPERTY LLC","C/O: THE CONTINUUM COMPANY LLC","30 WEST 21ST STREET, 11TH FLOOR","US","NEW YORK","NY","10010","2018-03-12 00:00:00",8435977.77
"2018030700669001",1,"DEED","2","42 MADISON LLC","C/O: ROMER DEBBAS LLP","275 MADISON AVENUE, SUITE 801","US","NEW YORK","NY","10016","2018-03-12 00:00:00",8435977.77
"2018031500108001",1,"DEED","1","111 WEST 67 HOLDING LLC","111 WEST 67TH STREET","APT. 22EFGH","US","NEW YORK","NY","10023","2018-03-23 00:00:00",8325000
"2018031500108001",1,"DEED","2","HALPERN, JACK","160 WEST 66TH STREET","UNIT 51A","US","NEW YORK","NY","10023","2018-03-23 00:00:00",8325000
"2018031500108001",1,"DEED","2","HALPERN, MORAN","160 WEST 66TH STREET","UNIT 51A","US","NEW YORK","NY","10023","2018-03-23 00:00:00",8325000
"2018032200600001",1,"DEED","1","SLA HARLEY LLC","40 WEST 57TH STREET","","US","NEW YORK","NY","10019","2018-03-23 00:00:00",8200000
"2018032200600001",1,"DEED","2","JOANNE MINIERI, AS TRUSTEE","359 WEST 11TH STREET","UNIT PHA","US","NEW YORK","NY","10014","2018-03-23 00:00:00",8200000
"2018032200600001",1,"DEED","2","THE JOANNE MINIERI REVOCABLE TRUST U/A","359 WEST 11TH STREET","UNIT PHA","US","NEW YORK","NY","10014","2018-03-23 00:00:00",8200000
"2018032901091001",1,"DEED","1","SNOWPLOW LH LLC","950 3 AVE","","US","NEW YORK","NY","10022","2018-03-30 00:00:00",8098087.5
"2018032901091001",1,"DEED","2","HOWARD G. PHANSTIEL, TRUSTEE OF THE PHANSTIEL","252 E 57 ST., UNIT 52C","","US","NEW YORK","NY","10022","2018-03-30 00:00:00",8098087.5
"2018032901091001",1,"DEED","2","S. LOUISE PHANSTIEL, TRUSTEE OF THE PHANSTIEL","252 E 57 ST., UNIT 52C","","US","NEW YORK","NY","10022","2018-03-30 00:00:00",8098087.5
"2018032901091001",1,"DEED","2","TRUST U/D/A 2/5/2002","252 E 57 ST., UNIT 52C","","US","NEW YORK","NY","10022","2018-03-30 00:00:00",8098087.5
"2018020501026003",1,"DEED","1","IMMELT, ANDREA A","36 COMMONWEALTH AVENUE","UNIT 1A","US","BOSTON","MA","02116","2018-03-01 00:00:00",8000000
"2018020501026003",1,"DEED","1","IMMELT, JEFFREY R","36 COMMONWEALTH AVENUE","UNIT 1A","US","BOSTON","MA","02116","2018-03-01 00:00:00",8000000
"2018020501026003",1,"DEED","2","151 EAST 41E LLC","ATTN: XIAOYING SUN","151 EAST 58TH STREET UNIT 41 E","US","NEW YORK","NY","10022","2018-03-01 00:00:00",8000000
"2018031200747001",1,"DEED","1","R BEACH LLC","7 HUBERT STREET","#7C","US","NEW YORK","NY","10013","2018-03-15 00:00:00",7806900
"2018031200747001",1,"DEED","2","SOBEL , LORI","53 N. MOORE STREET","7D","US","NEW YORK","NY","10013","2018-03-15 00:00:00",7806900
"2018031200747001",1,"DEED","2","SOBEL , SCOTT","53 N. MOORE STREET","7D","US","NEW YORK","NY","10013","2018-03-15 00:00:00",7806900
"2018030701115001",1,"DEED","1","50 RIVERSIDE BLVD LLC","805 THIRD AVENUE, SEVENTH FLOOR","","US","NEW YORK","NY","10022","2018-03-08 00:00:00",7589962.5
"2018030701115001",1,"DEED","2","ROTHENBERG, MICHAEL","220 RIVERSIDE BLVD., APT. 18J","","US","NEW YORK","NY","10069","2018-03-08 00:00:00",7589962.5
"2018030701115001",1,"DEED","2","ROTHENBERG, TARA","220 RIVERSIDE BLVD., APT. 18J","","US","NEW YORK","NY","10069","2018-03-08 00:00:00",7589962.5
"2018030800028001",1,"DEED","1","KLEINE, BRIGITTE","154 W 11TH ST","","US","NEW YORK","NY","100118306","2018-03-08 00:00:00",7575000
"2018030800028001",1,"DEED","1","MICHELETTO, ROBERT C","154 W 11TH STREET","","US","NEW YORK","NY","100118306","2018-03-08 00:00:00",7575000
"2018030800028001",1,"DEED","2","154 WEST 11TH STREET HOLDINGS LLC","162 ATLANTIC AVENUE","","US","PALM BEACH","FL","33480","2018-03-08 00:00:00",7575000
"2018020900445003",1,"DEED","1","G-Z/10 UNP REALTY, LLC","445 PARK AVE","","US","NEW YORK","NY","100222606","2018-03-19 00:00:00",7537550
"2018020900445003",1,"DEED","2","SMITH, GREG","50 UN PLAZA, UNIT 23B","","US","NEW YORK","NY","10017","2018-03-19 00:00:00",7537550
"2018020900445003",1,"DEED","2","SMITH, JODI","50 UN PLAZA, UNIT 23B","","US","NEW YORK","NY","10017","2018-03-19 00:00:00",7537550
"2018030501348001",1,"BOTH RPTT AND RETT","1","PERGAMENT, ARTHUR J","C/O:. PRYOR CASHMAN LLP","7 TIMES SQUARE, 39TH FLOOR","US","NEW YORK","NY","10036","2018-03-06 00:00:00",7500000
"2018030501348001",1,"BOTH RPTT AND RETT","2","GROSSMAN, ARYN L","941 PARK AVENUE","APARTMENT 5C","US","NEW YORK","NY","10028","2018-03-06 00:00:00",7500000
"2018032100364001",1,"DEED","1","30 PARK PLACE RESIDENTIAL LLC","C/O: SILVERSTEIN PROPERTIES, INC.","7 WORLD TRADE CENTER, 250 GREENWICH STREET","US","NEW YORK","NY","10007","2018-03-23 00:00:00",7450000
"2018032100364001",1,"DEED","2","HUO, FENG","250 EAST 53RD STREET, APT. 1704","","US","NEW YORK","NY","10022","2018-03-23 00:00:00",7450000
"2018032100364001",1,"DEED","2","HUO, SIYUN","250 EAST 53RD STREET, APT. 1704","","US","NEW YORK","NY","10022","2018-03-23 00:00:00",7450000
"2018032100364001",1,"DEED","2","ZHANG , MEI","250 EAST 53RD STREET, APT. 1704","","US","NEW YORK","NY","10022","2018-03-23 00:00:00",7450000
"2018032801392003",1,"DEED","1","140 WEST STREET (NY), LLC","C/O: MAGNUM REAL ESTATE GROUP","594 BROADWAY, SUITE 1010","US","NEW YORK","NY","10012","2018-03-29 00:00:00",7425000
"2018032801392003",1,"DEED","2","WOODHOUSE, JOCELYNE","456 WASHINGTON STREET, APT. 8A","","US","NEW YORK","NY","10013","2018-03-29 00:00:00",7425000
"2018032801392003",1,"DEED","2","WOODHOUSE, NICHOLAS","456 WASHINGTON STREET, APT. 8A","","US","NEW YORK","NY","10013","2018-03-29 00:00:00",7425000
"2018031200561002",1,"DEED","1","215 CHRYSTIE LLC","40 WEST 57TH STREET","SUITE 1620","US","NEW YORK","NY","10019","2018-03-12 00:00:00",7250000
"2018031200561002",1,"DEED","2","MONTGOMERY, CATHERINE","C/O: BRUCE COHEN, ESQ.","11 EAST 44TH STREET, SUITE 1800","US","NEW YORK","NY","10017","2018-03-12 00:00:00",7250000
"2018032600386001",1,"DEED","1","DEHNERT, MARK","40 BOND STREET, UNIT 7C","","US","NEW YORK","NY","10012","2018-03-30 00:00:00",7000000
"2018032600386001",1,"DEED","1","DEHNERT, MINDY","25 BOND STREET, UNIT 6W","","US","NEW YORK","NY","10012","2018-03-30 00:00:00",7000000
"2018032600386001",1,"DEED","2","DEHNERT, MINDY","25 BOND STREET, UNIT 6W","","US","NEW YORK","NY","10012","2018-03-30 00:00:00",7000000
"2018030800144001",1,"DEED","1","277 WEST 10 OWNER, L.P.","C/O: NAFTALI GROUP","1700 BROADWAY","US","NEW YORK","NY","10019","2018-03-27 00:00:00",6962962.5
"2018030800144001",1,"DEED","2","WILLIAMS, GEOFFREY MICHAEL","497 GREENWICH STREET","APT 9A","US","NEW YORK","NY","10013","2018-03-27 00:00:00",6962962.5
"2018030800144001",1,"DEED","2","WILLIAMS, KERIDY SARVIS","497 GREENWICH STREET","APT 9A","US","NEW YORK","NY","10013","2018-03-27 00:00:00",6962962.5
"2018022800733001",1,"BOTH RPTT AND RETT","1","ALAN U. SCHWARTZ, AS EXECUTOR OF THE ESTATE OF","C/O: ALAN U. SCHWARTZ, ESQ., GREENBERG TRAURIG,LLP","1840 CENTURY PARK EAST, SUITE 1900","US","LOS ANGELES","CA","90067","2018-03-08 00:00:00",6581000
"2018022800733001",1,"BOTH RPTT AND RETT","1","SIR PETER SHAFFER","C/O: ALAN U. SCHWARTZ, ESQ., GREENBERG TRAURIG,LLP","1840 CENTURY PARK EAST, SUITE 1900","US","LOS ANGELES","CA","90067","2018-03-08 00:00:00",6581000
"2018022800733001",1,"BOTH RPTT AND RETT","2","DAVIS, MARVIN","372 WEST 46TH STREET","","US","NEW YORK","NY","10036","2018-03-08 00:00:00",6581000
"2018022600965001",1,"BOTH RPTT AND RETT","1","KEVIN WERTZ, TRUSTEE","75 CENTRAL PARK WEST, UNIT 2CD","","US","NEW YORK","NY","10023","2018-03-01 00:00:00",6550000
"2018022600965001",1,"BOTH RPTT AND RETT","1","SYLVIA ANN HEWLETT, TRUSTEE","75 CENTRAL PARK WEST, UNIT 2CD","","US","NEW YORK","NY","10023","2018-03-01 00:00:00",6550000
"2018022600965001",1,"BOTH RPTT AND RETT","1","THE WEINERT 2012 RESIDENCE TRUST","75 CENTRAL PARK WEST, UNIT 2CD","","US","NEW YORK","NY","10023","2018-03-01 00:00:00",6550000
"2018022600965001",1,"BOTH RPTT AND RETT","2","GOODSTEIN, CATHERINE","75 CENTRAL PARK WEST, UNIT 2CD","","US","NEW YORK","NY","10023","2018-03-01 00:00:00",6550000
"2018022600965001",1,"BOTH RPTT AND RETT","2","WALLACE, IAN","75 CENTRAL PARK WEST, UNIT 2CD","","US","NEW YORK","NY","10023","2018-03-01 00:00:00",6550000
"2018031600922003",1,"DEED","1","160 LEROY LLC","818 GREENWICH ST","","US","NEW YORK","NY","10014","2018-03-16 00:00:00",6061837.5
"2018031600922003",1,"DEED","2","CAHLON, CORINNE","160 LEROY ST., UNIT SRB","","US","NEW YORK","NY","10014","2018-03-16 00:00:00",6061837.5
"2018031600922003",1,"DEED","2","CAHLON, OREN","160 LEROY ST., UNIT S4B","","US","NEW YORK","NY","10014","2018-03-16 00:00:00",6061837.5
"2018031300698001",1,"BOTH RPTT AND RETT","1","MCDERMOTT, JOHN J","340 ROYAL POINCIANA WAY, SUITE 317-115","","US","PALM BEACH","FL","33480","2018-03-14 00:00:00",5995000
"2018031300698001",1,"BOTH RPTT AND RETT","1","MCMANUS, VICTORIA","340 ROYAL POINCIANA WAY, SUITE 317-115","","US","PALM BEACH","FL","33480","2018-03-14 00:00:00",5995000
"2018031300698001",1,"BOTH RPTT AND RETT","2","SOCKETT, MITCHELL C","285 CENTRAL PARK WEST, PH A/W","","US","NEW YORK","NY","10024","2018-03-14 00:00:00",5995000
"2018031300698001",1,"BOTH RPTT AND RETT","2","SOCKETT, SANDRA W","285 CENTRAL PARK WEST, PH A/W","","US","NEW YORK","NY","10024","2018-03-14 00:00:00",5995000
"2018030500450001",1,"BOTH RPTT AND RETT","1","HFZ 344 WEST 72ND STREET LLC","C/O: HFZ CAPITAL GROUP","600 MADISON AVENUE, 15TH FLOOR","US","NEW YORK","NY","10022","2018-03-05 00:00:00",5890256.46
"2018030500450001",1,"BOTH RPTT AND RETT","2","BOGORICIN, JULIANA","55 NORTH 5TH STREET","","US","BROOKLYN","NY","11249","2018-03-05 00:00:00",5890256.46
"2018030500450001",1,"BOTH RPTT AND RETT","2","COOPER, PATRICK","55 NORTH 5TH STREET","","US","BROOKLYN","NY","11249","2018-03-05 00:00:00",5890256.46
"2018030500320001",2,"DEED","1","GLICKMAN, SIDNEY","4455 DOUGLAS AVENUE","","US","RIVERDALE","NY","10471","2018-03-09 00:00:00",1200000
"2018030500320001",2,"DEED","2","ROSEN, ANNA","434 WEST 250TH STREET","","US","NEW YORK","NY","10075","2018-03-09 00:00:00",1200000
"2018030500320001",2,"DEED","2","ROSEN, NOAH","434 WEST 250TH STREET","","US","NEW YORK","NY","10075","2018-03-09 00:00:00",1200000
"2018031600116001",2,"DEED","1","BENFATTI, JOHN","5041 FIELDSTON ROAD","","US","BRONX","NY","10463","2018-03-20 00:00:00",1110000
"2018031600116001",2,"DEED","1","RICHARDS, MAUREEN","5041 FIELDSTON ROAD","","US","BRONX","NY","10463","2018-03-20 00:00:00",1110000
"2018031600116001",2,"DEED","2","REBELLO, IAN","5906 HUXLEY AVENUE","","US","BRONX","NY","10471","2018-03-20 00:00:00",1110000
"2018031600116001",2,"DEED","2","REBELLO, OYETOLA","5906 HUXLEY AVENUE","","US","BRONX","NY","10471","2018-03-20 00:00:00",1110000
"2018031500320001",2,"DEED","1","FREEMAN , ALFRED  A","15 WAVERLY PLACE","","US","MONSEY","NY","10952","2018-03-15 00:00:00",995000
"2018031500320001",2,"DEED","1","SHOSHANA FREEMAN","15 WAVERLY PLACE","","US","MONSEY","NY","10952","2018-03-15 00:00:00",995000
"2018031500320001",2,"DEED","2","ZONEA, SOTIR","3104 NETHERLAND AVE","","US","BRONX","NY","104633409","2018-03-15 00:00:00",995000
"2018031500320001",2,"DEED","2","ZONEA, VASILE","3104 NETHERLAND AVE","","US","BRONX","NY","104633409","2018-03-15 00:00:00",995000
"2018031900585001",2,"DEED","1","RUBIN, EVELYN C","326 COLLEGE ROAD","","US","BRONX","NY","10471","2018-03-20 00:00:00",925000
"2018031900585001",2,"DEED","2","WEN HE, RUI","3492 EAST TREMONT AVENUE","","US","BRONX","NY","10465","2018-03-20 00:00:00",925000
"2018030801306001",2,"DEED","1","DOLORES LENANE REVOCABLE TRUST","C/O: LILLIAN O'FARRELL OLIVERI, TRUSTEE","45 TENNESSEE AVENUE","US","LONG BEACH","NY","11561","2018-03-13 00:00:00",900000
"2018030801306001",2,"DEED","1","O'FARRELL-OLIVERI, TRUSTEE, LILLIAN","45 TENNESSEE AVENUE","","US","LONG BEACH","NY","11561","2018-03-13 00:00:00",900000
"2018030801306001",2,"DEED","2","REIDY, MAUREEN","3021 ARLINGTON AVENUE","","US","BRONX","NY","10463","2018-03-13 00:00:00",900000
"2018030801306001",2,"DEED","2","REIDY, OWEN","3021 ARLINGTON AVENUE","","US","BRONX","NY","10463","2018-03-13 00:00:00",900000
"2018032000435001",2,"DEED","1","REBELLO, IAN","5041 FIELDSTON ROAD","","US","BRONX","NY","10463","2018-03-20 00:00:00",896525
"2018032000435001",2,"DEED","1","REBELLO, OYETOLA","5041 FIELDSTON ROAD","","US","BRONX","NY","10463","2018-03-20 00:00:00",896525
"2018032000435001",2,"DEED","2","ABRAMS, KAREN  M","5906 HUXLEY AVENUE","","US","RIVERDALE","NY","10471","2018-03-20 00:00:00",896525
"2018032000435001",2,"DEED","2","GERBER, MATTHEW  E","5906 HUXLEY AVENUE","","US","RIVERDALE","NY","10471","2018-03-20 00:00:00",896525
"2018022800337001",2,"BOTH RPTT AND RETT","1","JUDY SCHUSTER, TRUSTEE","3777 INDEPENDENCE AVENUE, APT 2H","","US","BRONX","NY","10463","2018-03-01 00:00:00",655000
"2018022800337001",2,"BOTH RPTT AND RETT","1","LOUIS P. KAROL, ESQ., TRUSTEE","3777 INDEPENDENCE AVENUE, APT 2H","","US","BRONX","NY","10463","2018-03-01 00:00:00",655000
"2018022800337001",2,"BOTH RPTT AND RETT","1","RUTH DIAMOND, TRUSTEE","3777 INDEPENDENCE AVENUE, APT 2H","","US","BRONX","NY","10463","2018-03-01 00:00:00",655000
"2018022800337001",2,"BOTH RPTT AND RETT","1","THE SCHUSTER FAMILY REVOCABLE LIVING TRUST","3777 INDEPENDENCE AVENUE, APT 2H","","US","BRONX","NY","10463","2018-03-01 00:00:00",655000
"2018022800337001",2,"BOTH RPTT AND RETT","2","SABBAN, ESTHER","3893 WALDO AVENUE","","US","BRONX","NY","10463","2018-03-01 00:00:00",655000
"2018022800337001",2,"BOTH RPTT AND RETT","2","SABBAN, YITZCHAK","3893 WALDO AVENUE","","US","BRONX","NY","10463","2018-03-01 00:00:00",655000
"2018021900333001",2,"DEED","1","FORTICHE, MERCEDES","2218 WOODHULL AVE","","US","BRONX","NY","10469","2018-03-01 00:00:00",650000
"2018021900333001",2,"DEED","1","MORALES, HENRY","2218 WOODHULL AVE","","US","BRONX","NY","10469","2018-03-01 00:00:00",650000
"2018021900333001",2,"DEED","2","LAKE, TRACY","1855 WHITE PLAINS RD","","US","BRONX","NY","10462","2018-03-01 00:00:00",650000
"2018021900333001",2,"DEED","2","LAKE, TRICIA","1855 WHITE PLAINS RD","","US","BRONX","NY","10462","2018-03-01 00:00:00",650000
"2018031301229001",2,"BOTH RPTT AND RETT","1","ROSNER, DANIEL","101 WEST 90TH STREET","APT. #15J","US","NEW YORK","NY","10024","2018-03-22 00:00:00",650000
"2018031301229001",2,"BOTH RPTT AND RETT","2","SILVERBERG, LEONARD","3333 HENRY HUDSON PARKWAY","APT. #4P/R","US","BRONX","NY","10463","2018-03-22 00:00:00",650000
"2018032600165001",2,"BOTH RPTT AND RETT","1","BALICER, STEVEN","2727 PALISADE AVENUE","APT. 9G","US","BRONX","NY","10463","2018-03-28 00:00:00",650000
"2018032600165001",2,"BOTH RPTT AND RETT","1","PAGE, JANICE","2727 PALISADE AVENUE","APT. 9G","US","BRONX","NY","10463","2018-03-28 00:00:00",650000
"2018032600165001",2,"BOTH RPTT AND RETT","2","PRINGLE, MEGAN","3875 WALDO AVENUE","APT. 11T","US","BRONX","NY","10463","2018-03-28 00:00:00",650000
"2018032600165001",2,"BOTH RPTT AND RETT","2","RODRIGUEZ, WALTER","3875 WALDO AVENUE","APT. 11T","US","BRONX","NY","10463","2018-03-28 00:00:00",650000
"2018012600778001",2,"DEED","1","NO ENTITY LLC","3536 CAMBRIDGE AVENUE","","US","BRONX","NY","10463","2018-03-07 00:00:00",625000
"2018012600778001",2,"DEED","2","FENDI, KSENIA","167 GROVE STREET UNIT C","","US","STAMFORD","CT","06901","2018-03-07 00:00:00",625000
"2018012600778001",2,"DEED","2","FENDI, RAYMOND R","167 GROVE STREET UNIT C","","US","STAMFORD","CT","06901","2018-03-07 00:00:00",625000
"2018022800428001",2,"DEED","1","460 EAST 134 LLC","1820 AVENUE M, SUITE 201","","US","BROOKLYN","NY","11230","2018-03-12 00:00:00",620000
"2018022800428001",2,"DEED","2","SALARVAND, MAHSA","330 WEST 39TH STREET APT 18B","","US","NEW YORK","NY","10018","2018-03-12 00:00:00",620000
"2018022800428001",2,"DEED","2","STEINERT, JAMISON","330 WEST 39TH STREET APT 18B","","US","NEW YORK","NY","10018","2018-03-12 00:00:00",620000
"2018032101051001",2,"DEED","1","ACOSTA, ALBERT","1068 WARING AVE","","US","BRONX","NY","10469","2018-03-22 00:00:00",575000
"2018032101051001",2,"DEED","1","ACOSTA, MARGIE","1068 WARING AVE","","US","BRONX","NY","10469","2018-03-22 00:00:00",575000
"2018032101051001",2,"DEED","2","ISLAM, FARZANA","939 BRODY AVE","","US","BRONX","NY","10462","2018-03-22 00:00:00",575000
"2018030900612001",2,"DEED","1","LEONFORTE (DECEASED), MARGARET","940 BRINSMADE AVENUE","","US","BRONX","NY","10465","2018-03-16 00:00:00",570000
"2018030900612001",2,"DEED","1","LEONFORTE, LORETTA","940 BRINSMADE AVENUE","","US","BRONX","NY","10465","2018-03-16 00:00:00",570000
"2018030900612001",2,"DEED","2","FELIPE, CARLOS M","3000 BRONX PARK  EAST #2M","","US","BRONX","NY","10467","2018-03-16 00:00:00",570000
"2018031900675001",2,"DEED","1","SANTOIEMMA, GIROLAMO","3259 GRISWOLD AVENUE","","US","BRONX","NY","10465","2018-03-19 00:00:00",570000
"2018031900675001",2,"DEED","1","SANTOIEMMA, LARRAINE","3259 GRISWOLD AVENUE","","US","BRONX","NY","10465","2018-03-19 00:00:00",570000
"2018031900675001",2,"DEED","2","GOFF, MARIEL","1874 PELHAM PARKWAY SOUTH","APT 3K","US","BRONX","NY","10461","2018-03-19 00:00:00",570000
"2018031900675001",2,"DEED","2","GOFF, MATTHEW","1874 PELHAM PARKWAY SOUTH","APT 3K","US","BRONX","NY","10461","2018-03-19 00:00:00",570000
"2018032300064001",2,"DEED","1","DELFINI, BARBARA","1301 REGENT DRIVE","","US","MOUNT KISCO","NY","10549","2018-03-28 00:00:00",540000
"2018032300064001",2,"DEED","1","ESTATE OF DANIEL DESIDERI","16 DORCHESTER ROAD","","US","EASTCHESTER","NY","10709","2018-03-28 00:00:00",540000
"2018032300064001",2,"DEED","1","ESTATE OF DANIEL J. DESIDERI","16 DORCHESTER ROAD","","US","EASTCHESTER","NY","10709","2018-03-28 00:00:00",540000
"2018032300064001",2,"DEED","1","PATRICIA DESIDERI AS EXECUTRIX","16 DORCHESTER ROAD","","US","EASTCHESTER","NY","10709","2018-03-28 00:00:00",540000
"2018032300064001",2,"DEED","2","2404 EASTCHESTER ROAD, LLC","20 OLD MAMARONECK ROAD","","US","WHITE PLAINS","NY","10605","2018-03-28 00:00:00",540000
"2018022601083001",2,"DEED","1","HANLON, JAMES ROBERT","1112 MONTANA AVENUE, APT. 921","","US","SANTA MONICA","CA","90403","2018-03-02 00:00:00",535000
"2018022601083001",2,"DEED","1","HANLON, JEFF T","493 CROTON FALLS ROAD","","US","CARMEL","NY","10512","2018-03-02 00:00:00",535000
"2018022601083001",2,"DEED","1","HANLON, JOHN","427 KING AVENUE","","US","BRONX","NY","10464","2018-03-02 00:00:00",535000
"2018022601083001",2,"DEED","1","HANLON, JOHN F","1092 GRANT AVENUE","","US","PELHAM MANOR","NY","10803","2018-03-02 00:00:00",535000
"2018022601083001",2,"DEED","1","HANLON, MARIE T","DECEASED, 427 KING AVENUE","","US","BRONX","NY","10464","2018-03-02 00:00:00",535000
"2018022601083001",2,"DEED","1","LITTLER, JEAN CAROLE","111 MALLARD TRL","","US","PONTE VEDRA BEACH","FL","32092","2018-03-02 00:00:00",535000
"2018022601083001",2,"DEED","1","MCDERMOTT, JOANNE M","6 BRIAN COURT","","US","CARMEL","NY","10512","2018-03-02 00:00:00",535000
"2018022601083001",2,"DEED","1","PIEMONTE, JACQUELIN M","426 CALDWELL DRIVE","","US","WYCKOFF","NJ","07481","2018-03-02 00:00:00",535000
"2018022601083001",2,"DEED","2","BURKE, MICHAEL ROBERT","2964 WILLIAMSBRIDGE ROAD, APT. 3C","","US","BRONX","NY","10467","2018-03-02 00:00:00",535000
"2018022701446001",2,"DEED","1","AMERICAN BRIGHT LLC","1278 WARING AVE 1ST FLOOR","","US","BRONX","NY","10469","2018-03-08 00:00:00",530000
"2018022701446001",2,"DEED","2","VAN TRAN, KIM","271 EAST KINGSBRIDGE ROAD #2F","","US","BRONX","NY","10458","2018-03-08 00:00:00",530000
"2018031501064001",2,"DEED","1","CAVANAUGH, COLLEEN","25 SUTTON PLACE SOUTH","","US","NEW YORK","NY","10022","2018-03-23 00:00:00",530000
"2018031501064001",2,"DEED","2","SHI, JIN MEI","1024 THROGMORTON AVE","","US","BRONX","NY","104651523","2018-03-23 00:00:00",530000
"2018031501064001",2,"DEED","2","ZHENG, JIANJI","1024 THROGMORTON AVE","","US","BRONX","NY","104651523","2018-03-23 00:00:00",530000
"2018031501064001",2,"DEED","2","ZHENG, YI WANG","1024 THROGMORTON AVE","","US","BRONX","NY","104651523","2018-03-23 00:00:00",530000
"2018022600083001",2,"DEED","1","DEPIERRO, RICHARD","186 ROCHELLE ST","","US","BRONX","NY","104641643","2018-03-06 00:00:00",520000
"2018022600083001",2,"DEED","2","MCGOVERN, JOHN P","150 MARINE STREET","","US","BRONX","NY","10464","2018-03-06 00:00:00",520000
"2018022701451001",2,"DEED","1","HIMELEWSKI, VALERIE J","1400 OUTLOOK AVE UNIT 2","","US","BRONX","NY","10465","2018-03-08 00:00:00",499000
"2018022701451001",2,"DEED","2","ADAMS, JEWEL","1540 PELHAM PARKWAY SOUTH UNIT 5G","","US","BRONX","NY","10461","2018-03-08 00:00:00",499000
"2018022701451001",2,"DEED","2","MORALES, EDWIN","1540 PELHAM PARKWAY SOUTH UNIT 5G","","US","BRONX","NY","10461","2018-03-08 00:00:00",499000
"2018031200379001",2,"DEED","1","J & E PROPERTIES INC.","214-51 JAMAICA AVENUE","","US","QUEENS VILLAGE","NY","11428","2018-03-15 00:00:00",495000
"2018031200379001",2,"DEED","2","BELKADI, AMINE","3302 23RD ST","","US","LONG ISLAND CITY","NY","111064234","2018-03-15 00:00:00",495000
"2018032300550002",2,"DEED","1","DIDONATO, FRANK","2552 WESTERVELT AVENUE","","US","BRONX","NY","10469","2018-03-26 00:00:00",492000
"2018032300550002",2,"DEED","2","LIAN, SHENG","516 61ST STREET, 1FL","","US","BROOKLYN","NY","11220","2018-03-26 00:00:00",492000
"2018032600490001",2,"DEED","1","PISCOPO, ROSEMARIE","236 THROGGS NECK BLVD","","US","BRONX","NY","104653429","2018-03-28 00:00:00",488000
"2018032600490001",2,"DEED","1","PISCOPO, VINCENT  A","236 THROGGS NECK BLVD","","US","BRONX","NY","104653429","2018-03-28 00:00:00",488000
"2018032600490001",2,"DEED","2","LIU, YANYUN","105-11 OTIS AVENUE #1A","","US","CORONA","NY","11368","2018-03-28 00:00:00",488000
"2018030101112001",2,"BOTH RPTT AND RETT","1","DILLER, ELAINE MARTON","69-11 YELLOWSTONE BOULEVARD, APT. B25","","US","FOREST HILLS","NY","11375","2018-03-19 00:00:00",480000
"2018030101112001",2,"BOTH RPTT AND RETT","2","MAZIN, LEAH","3720 INDEPENDENCE AVENUE, APT. 2E","","US","RIVERDALE","NY","104631431","2018-03-19 00:00:00",480000
"2018030101112001",2,"BOTH RPTT AND RETT","2","TANNENBAUM, IRA","3720 INDEPENDENCE AVENUE, APT. 2E","","US","RIVERDALE","NY","104631431","2018-03-19 00:00:00",480000
"2018032700314001",2,"DEED","1","CONTI, DONNA MARIE","16220 9TH AVE","","US","BEECHHURST","NY","113572053","2018-03-30 00:00:00",479000
"2018032700314001",2,"DEED","2","MORALES, RONNIE","2878 DILL PLACE","","US","BRONX","NY","10465","2018-03-30 00:00:00",479000
"2018030200817001",2,"DEED","1","FAUGHNAN, JOSEPH","248 EAST 235TH STREET","","US","BRONX","NY","10470","2018-03-02 00:00:00",475000
"2018030200817001",2,"DEED","1","FAUGHNAN, MARY","248 EAST 235TH STREET","","US","BRONX","NY","10470","2018-03-02 00:00:00",475000
"2018030200817001",2,"DEED","2","ALTAMURO, JAMES","4131 51ST STREET","UNIT 7M","US","WOODSIDE","NY","11377","2018-03-02 00:00:00",475000
"2018030200817001",2,"DEED","2","CASSIDY, DEIRDRE","4131 51ST STREET","UNIT 7M","US","WOODSIDE","NY","11377","2018-03-02 00:00:00",475000
"2018030600225001",2,"DEED","1","THE NOWHERE ELSE CORPORATION","C/O 55 WATERMILL LANE, SUITE 200","","US","GREAT NECK","NY","11021","2018-03-06 00:00:00",473000
"2018030600225001",2,"DEED","2","HUSBANDS, JAMELL JR","3992 PAULDING AVE","","US","BRONX","NY","104664717","2018-03-06 00:00:00",473000
"2018030600225001",2,"DEED","2","STERLING, JAUNELLE","3992 PAULDING AVENUE","","US","BRONX","NY","10466","2018-03-06 00:00:00",473000
"2018030901089001",2,"BOTH RPTT AND RETT","1","WAKEFIELD, DAVID","3215 NETHERLAND  AVENUE","UNIT 3H","US","BRONX","NY","10463","2018-03-12 00:00:00",465500
"2018030901089001",2,"BOTH RPTT AND RETT","2","SCLAFANI , MICHAEL","3215 NETHERLAND AVENUE","UNIT 5A","US","BRONX","NY","10463","2018-03-12 00:00:00",465500
"2018030901089001",2,"BOTH RPTT AND RETT","2","SCLAFANI, MICHAEL","3215 NETHERLAND AVENUE","","US","BRONX","NY","10463","2018-03-12 00:00:00",465500
"2018032100246001",2,"DEED","1","UNITED FRANKLIN LLC","147-18 HILLSIDE AVE","","US","JAMAICA","NY","11435","2018-03-27 00:00:00",460000
"2018032100246001",2,"DEED","2","DAWKINS, BARBARA C","2026 NEREID AVE","","US","BRONX","NY","10466","2018-03-27 00:00:00",460000
"2018032100246001",2,"DEED","2","DUNCAN, KEONIE  K","2026 NEREID AVE","","US","BRONX","NY","10466","2018-03-27 00:00:00",460000
"2018032100553001",2,"DEED","1","BONET, IDALIA","1802 PATTERSON AVE.","","US","BRONX","NY","10473","2018-03-23 00:00:00",450000
"2018032100553001",2,"DEED","2","PEREYRA, PAUL","2294 UNIVERSITY AVE APT 42","","US","BRONX","NY","10458","2018-03-23 00:00:00",450000
"2018022001050001",2,"DEED","1","HAYNES, CHRISTINE","4D CARROLL STREET","","US","BRONX","NY","10464","2018-03-02 00:00:00",440000
"2018022001050001",2,"DEED","2","JONES, FELICIA M","11B MILFORD LANE","","US","SUFFERN","NY","10901","2018-03-02 00:00:00",440000
"2018022700964001",2,"DEED","1","ANTHONY J DINOME","2191 LINDA FLORA DRIVE","","US","LOS ANGELES","CA","90077","2018-03-01 00:00:00",440000
"2018022700964001",2,"DEED","1","ARBUCCI, DOLORES","335 LONGVUE TERRACE","","US","YONKERS","NY","10710","2018-03-01 00:00:00",440000
"2018022700964001",2,"DEED","1","DINOME, GERARD","2191 LINDA FLORA DRIVE","","US","LOS ANGELES","CA","90077","2018-03-01 00:00:00",440000
"2018022700964001",2,"DEED","2","KEAVENEY, KIERAN","377 KIMBALL AVENUE","","US","YONKERS","NY","10704","2018-03-01 00:00:00",440000
"2018022200235001",2,"DEED","1","AIY HOMES LLC","48 SOUTH SERVICE ROAD","","US","MELVILLE","NY","11747","2018-03-08 00:00:00",437500
"2018022200235001",2,"DEED","2","171 W 179TH ST LLC","240 E. 86TH ST., STE. 17B","","US","NEW YORK","NY","10028","2018-03-08 00:00:00",437500
"2018030800323002",2,"DEED","1","MUNOZ, LUIS","282 EAST 163RD STREET","","US","BRONX","NY","10451","2018-03-09 00:00:00",435000
"2018030800323002",2,"DEED","1","SUAZO, GABRIEL","282 EAST 163RD STREET","","US","BRONX","NY","10451","2018-03-09 00:00:00",435000
"2018030800323002",2,"DEED","1","TAVAREZ, MARIA","282 EAST 163RD STREET","","US","BRONX","NY","10451","2018-03-09 00:00:00",435000
"2018030800323002",2,"DEED","2","NACERINO, ANTHONY","306 E MOSHOLU PKWY S APT 1J","","US","BRONX","NY","104581791","2018-03-09 00:00:00",435000
"2018031900531001",2,"DEED","1","STEPHENS, NORMA","3332 GUNTER AVENUE","","US","BRONX","NY","10469","2018-03-19 00:00:00",435000
"2018031900531001",2,"DEED","1","STEPHENS, TRACY","3332 GUNTER AVENUE","","US","BRONX","NY","10469","2018-03-19 00:00:00",435000
"2018031900531001",2,"DEED","2","BATISTA, LYNDA J","2080 BARNES AVENUE","","US","BRONX","NY","10469","2018-03-19 00:00:00",435000
"2018030600230001",2,"DEED","1","OLMEDA, INMEKA","2829 MAITLAND AVENUE","","US","BRONX","NY","10461","2018-03-08 00:00:00",427000
"2018030600230001",2,"DEED","1","OLMEDA, RENE","2829 MAITLAND AVENUE","","US","BRONX","NY","10461","2018-03-08 00:00:00",427000
"2018030600230001",2,"DEED","2","SHEN, JIANRONG","215 E 96TH STREET #21H","","US","NEW YORK","NY","10128","2018-03-08 00:00:00",427000
"2018030600321001",2,"DEED","1","ROSARIO, DIANA","2138 VIRGIL PLACE","","US","BRONX","NY","10473","2018-03-08 00:00:00",427000
"2018030600321001",2,"DEED","1","ROSARIO, JESUS","2138 VIRGIL PLACE","","US","BRONX","NY","10473","2018-03-08 00:00:00",427000
"2018030600321001",2,"DEED","1","SEDA, MYRNA","2138 VIRGIL PLACE","","US","BRONX","NY","10473","2018-03-08 00:00:00",427000
"2018030600321001",2,"DEED","2","CORNISH, RODNEY","910 THIERIOT AVE","","US","BRONX","NY","104733203","2018-03-08 00:00:00",427000
"2018030100739002",2,"DEED","1","ZANFARDINO, YOLANDA","9 PATRICIA LN","","US","BRONX","NY","104654200","2018-03-06 00:00:00",425000
"2018030100739002",2,"DEED","2","YE, MEI MEI","1604 MERRY AVENUE","","US","BRONX","NY","10461","2018-03-06 00:00:00",425000
"2018030100739002",2,"DEED","2","ZHANG, XIANG FENG","1604 MERRY AVENUE","","US","BRONX","NY","10461","2018-03-06 00:00:00",425000
"2018030801219001",2,"DEED","1","NAIM, SAYED","254 BRINSMADE AVENUE","","US","BRONX","NY","10465","2018-03-09 00:00:00",423000
"2018030801219001",2,"DEED","2","MONIR, MD","254 BRINSMADE AVENUE","","US","BRONX","NY","10465","2018-03-09 00:00:00",423000
"2018030801219001",2,"DEED","2","NAHAR, SAMSUN","254 BRINSMADE AVENUE","","US","BRONX","NY","10465","2018-03-09 00:00:00",423000
"2018032101014002",2,"DEED","1","ALFONSO, JESSE","1331 TAYLOR AVE.","","US","BRONX","NY","10472","2018-03-22 00:00:00",423000
"2018032101014002",2,"DEED","1","ALFONSO, MARIA","1331 TAYLOR AVE.","","US","BRONX","NY","10472","2018-03-22 00:00:00",423000
"2018032101014002",2,"DEED","2","ZANNATH, AKLEMA","1331 TAYLOR AVE.","","US","BRONX","NY","10472","2018-03-22 00:00:00",423000
"2018032800766001",2,"BOTH RPTT AND RETT","1","ESTATE OF LORI MATIA","C/O MAGDALEN GAYNOR","10 BANK STREET, SUITE 650","US","WHITE PLAINS","NY","10606","2018-03-29 00:00:00",415000
"2018032800766001",2,"BOTH RPTT AND RETT","1","SALLY W. MATIA, EXECUTOR","C/O MAGDALEN GAYNOR","10 BANK STREET, SUITE 650","US","WHITE PLAINS","NY","10606","2018-03-29 00:00:00",415000
"2018032800766001",2,"BOTH RPTT AND RETT","2","MARTELLA, SHAWN","2621 PALISADE AVENUE, UNIT 16F","","US","BRONX","NY","10463","2018-03-29 00:00:00",415000
"2018032800766001",2,"BOTH RPTT AND RETT","2","PACE, MATTHEW C","2621 PALISADE AVENUE, UNIT 16F","","US","BRONX","NY","10463","2018-03-29 00:00:00",415000
"2018030900697001",2,"DEED","1","LLAUGER, ANGEL","3768 OLINVILLE AVE","","US","BRONX","NY","10467","2018-03-12 00:00:00",413137.26
"2018030900697001",2,"DEED","2","FEDERAL NATIONAL MORTGAGE ASSOCIATION","14221 DALLAS PARKWAY","SUITE 1000","US","DALLAS","TX","75254","2018-03-12 00:00:00",413137.26
"2018022700997001",2,"DEED","1","ANTHONY J DINOME","2191 LINDA FLORA DRIVE","","US","LOS ANGELES","CA","90077","2018-03-01 00:00:00",410000
"2018022700997001",2,"DEED","1","ARBUCCI, DOLORES","335 LONGVUE TERRACE","","US","YONKERS","NY","10704","2018-03-01 00:00:00",410000
"2018022700997001",2,"DEED","1","DINOME, GERARD","2191 LINDA FLORA DRIVE","","US","LOS ANGELES","CA","90077","2018-03-01 00:00:00",410000
"2018022700997001",2,"DEED","2","O'BRIEN, BRENDAN J","15 PETER DR","","US","WAPPINGERS FALLS","NY","125904935","2018-03-01 00:00:00",410000
"2018031700006001",2,"DEED","1","SP 106 LACOMBE LLC","211 WEST 106TH STREET","4E","US","NEW YORK","NY","10025","2018-03-20 00:00:00",410000
"2018031700006001",2,"DEED","2","KHALAKAZAMAN, ABUL H","1225 WHITE PLAINS RD APT 526","","US","BRONX","NY","104724918","2018-03-20 00:00:00",410000
"2018031700006001",2,"DEED","2","KHAN, ZIASMIN","1225 WHITE PLAINS RD","APT 526","US","BRONX","NY","104724918","2018-03-20 00:00:00",410000
"2018012800007001",2,"DEED","1","ORELLANA-ESCRIBANO, MARIA J","850 SW 133RD TER","","US","PEMBROKE PINES","FL","330271890","2018-03-08 00:00:00",400000
"2018012800007001",2,"DEED","1","ORELLANA-ESCRIBANO, ROBERTO","850 SW 133 TER","APT B211","US","PEMBROKE PINES","FL","33027","2018-03-08 00:00:00",400000
"2018012800007001",2,"DEED","1","ORELLANA-MIRCHUK, INGRID","150 FLORENCE AVENUE","","US","DENVILLE","NJ","07834","2018-03-08 00:00:00",400000
"2018012800007001",2,"DEED","1","ORELLANA, ROBERT","2092 SW 159TH TER","","US","MIRAMAR","FL","330274210","2018-03-08 00:00:00",400000
"2018012800007001",2,"DEED","2","RUIZ, FRANCISCO","163 W 170 ST","APT 22","US","BRONX","NY","10452","2018-03-08 00:00:00",400000
"2018012800007001",2,"DEED","2","RUIZ, MATILDE","163 W 170 ST","APT 22","US","BRONX","NY","10452","2018-03-08 00:00:00",400000
"2018030800797001",2,"DEED","1","BETANCOURT, VICTOR","956 GERARD AVENUE","","US","BRONX","NY","10452","2018-03-09 00:00:00",400000
"2018030800797001",2,"DEED","1","TORRES, BEATRIZ","956 GERARD AVENUE","","US","BRONX","NY","10452","2018-03-09 00:00:00",400000
"2018030800797001",2,"DEED","2","CARBAJAL, MILAGROS","956 GERARD AVENUE","","US","BRONX","NY","10452","2018-03-09 00:00:00",400000
"2018030800797001",2,"DEED","2","VILELA, GLADYS","956 GERARD AVENUE","","US","BRONX","NY","10452","2018-03-09 00:00:00",400000
"2018031400688001",2,"BOTH RPTT AND RETT","1","METROPOLITAN ASSOCIATES LIMITED PARTNERSHIP","C/O: PF FINANCIAL SERVICES","159 WEST 53RD STREET, SUITE 32G","US","NEW YORK","NY","10019","2018-03-15 00:00:00",395000
"2018031400688001",2,"BOTH RPTT AND RETT","2","URISAKA, KEIKO","3616 HENRY HUDSON PARKWAY, APT. 4GS","","US","BRONX","NY","10463","2018-03-15 00:00:00",395000
"2018031400688001",2,"BOTH RPTT AND RETT","2","URISAKA, YUKIHIRO","3616 HENRY HUDSON PARKWAY, APT. 4GS","","US","BRONX","NY","10463","2018-03-15 00:00:00",395000
"2018013000774001",2,"BOTH RPTT AND RETT","1","MICHELLE CHRISTINA BERTI 2001 REVOCABLE TRUST","633 ELM STREET, UNIT 417","","US","SAN CARLOS","CA","94070","2018-03-07 00:00:00",392000
"2018013000774001",2,"BOTH RPTT AND RETT","1","MICHELLE CHRISTINA BERTI, TRUSTEE","633 ELM STREET, UNIT 417","","US","SAN CARLOS","CA","94070","2018-03-07 00:00:00",392000
"2018013000774001",2,"BOTH RPTT AND RETT","2","DETERMANN, JOAN","5900 ARLINGTON AVENUE, UNIT 16H","","US","RIVERDALE","NY","10471","2018-03-07 00:00:00",392000
"2018030601116001",2,"DEED","1","REYNOSO, JORGE","4 CHESTER STREET","","US","ROCK HILL","NY","12775","2018-03-07 00:00:00",386000
"2018030601116001",2,"DEED","2","SEMIDEY, JOSE","22 JACKSON STREET APT 2B","","US","NEW YORK","NY","10002","2018-03-07 00:00:00",386000
"2018030500337002",3,"DEED","1","HEDAYA, ELLIS","3286 NORTHSIDE PARKWAY","","US","ATLANTA","GA","30327","2018-03-07 00:00:00",7500000
"2018030500337002",3,"DEED","1","TAWIL, JUDITH","3471 BEDFORD AVENUE","","US","BROOKLYN","NY","11230","2018-03-07 00:00:00",7500000
"2018030500337002",3,"DEED","1","WELT, CHERYL","180 WEST END AVE, APT. 16A","","US","NEW YORK","NY","10023","2018-03-07 00:00:00",7500000
"2018030500337002",3,"DEED","2","FOUERTI, ELIE","2215 EAST 5TH STREET","","US","BROOKLYN","NY","11223","2018-03-07 00:00:00",7500000
"2018030500337002",3,"DEED","2","FOUERTI, IBRAHIM","2215 EAST 5TH STREET","","US","BROOKLYN","NY","11223","2018-03-07 00:00:00",7500000
"2018030700430001",3,"DEED","1","BROOKLYN PIER I RESIDENTIAL OWNER, L.P.","75 BROAD ST","SUITE 2100","US","NY","NY","10004","2018-03-28 00:00:00",6011086.14
"2018030700430001",3,"DEED","2","GESMBH, ENGEL-STEIN UND GRUEN-BERGER","130 FURMAN STREET","UNIT S-405","US","BROOKLYN","NY","11201","2018-03-28 00:00:00",6011086.14
"2018032300114001",3,"DEED","1","SPARKLY 5 LLC","460 FURMAN STREET","UNIT #828","US","BROOKLYN","NY","11201","2018-03-28 00:00:00",5475000
"2018032300114001",3,"DEED","2","L.C.R.-LLC","C/O: AWAY REALTY","552A COURT STREET","US","BROOKLYN","NY","11231","2018-03-28 00:00:00",5475000
"2018030600064002",3,"DEED","1","BROOKLYN PIER I RESIDENTIAL OWNER, L.P.","75 BROAD STREET","SUITE 2100","US","NEW YORK","NY","10004","2018-03-12 00:00:00",4993350
"2018030600064002",3,"DEED","2","LITTERIO, EDUARDO AUGUSTO SALUM","90 AND","130 FURMAN ST UNIT N-1012","US","BROOKLYN","NY","112011434","2018-03-12 00:00:00",4993350
"2018022701004001",3,"DEED","1","169 CH9 OWNER, LLC","7121 FAIRWAY DR.","","US","PALM BEACH GARDENS","FL","33418","2018-03-05 00:00:00",4725000
"2018022701004001",3,"DEED","2","TMLP-SCOTT, LLC NO. 21","171 COLUMBIA HEIGHTS, UNIT 5B","","US","BROOKLYN","NY","11201","2018-03-05 00:00:00",4725000
"2018032301140001",3,"DEED","1","169 CH9 OWNER, LLC","7121 FAIRWAY DRIVE, SUITE 410","","US","PALM BEACH GARDENS","FL","33418","2018-03-29 00:00:00",4585375
"2018032301140001",3,"DEED","2","PIECK, DENISE","171 COLUMBIA HEIGHTS, UNIT 9A","","US","NEW YORK","NY","11201","2018-03-29 00:00:00",4585375
"2018032301140001",3,"DEED","2","PIECK, KEITH","171 COLUMBIA HEIGHTS, UNIT 9A","","US","BROOKLYN","NY","11201","2018-03-29 00:00:00",4585375
"2018032000133002",3,"DEED","1","169 CH9 OWNER, LLC","7121 FAIRWAY DRIVE","SUITE 410","US","PALM BEACH GARDENS","FL","33418","2018-03-20 00:00:00",4060976.25
"2018032000133002",3,"DEED","2","WILKES, ADAM","171 COLUMBIA HEIGHTS, UNIT 7C","","US","BROOKLYN","NY","11201","2018-03-20 00:00:00",4060976.25
"2018032000528001",3,"DEED","1","CAHILL JR., AS TRUSTEE, JAMES H","161 ATLANTIC AVE STE 201","","US","BROOKLYN","NY","112015503","2018-03-22 00:00:00",3950000
"2018032000528001",3,"DEED","1","CAROLINA CAPEHART LIVING TRUST","C/O:JAMES H. CAHILL JR ESQ","161 ATLANTIC AVENUE SUITE 201","US","BROOKLYN","NY","11201","2018-03-22 00:00:00",3950000
"2018032000528001",3,"DEED","2","JUNE FIRST LLC","57 MONTGOMERY PLACE","","US","BROOKLYN","NY","11215","2018-03-22 00:00:00",3950000
"2018030200720001",3,"DEED","1","PACIFIC PARK 550 VANDERBILT, LLC","C/O: GREENLAND FOREST CITY PARTNERS","1 METROTECH CENTER, 23RD FLOOR","US","BROOKLYN","NY","11201","2018-03-13 00:00:00",3900000
"2018030200720001",3,"DEED","2","BUCHANAN, SARI","C/O: JOHN M. PAIGE, ESQ.","600 THIRD AVENUE, 15TH FLOOR","US","NEW YORK","NY","10016","2018-03-13 00:00:00",3900000
"2018032100562001",3,"DEED","1","184 KENT OWNER, L.L.C.","C/O: KUSHNER COMPANIES","666 5TH AVE","US","NEW YORK","NY","101030001","2018-03-23 00:00:00",3400136.01
"2018032100562001",3,"DEED","2","V AND M 184 LLC","184 KENT AVENUE, UNIT B703","","US","BROOKLYN","NY","11249","2018-03-23 00:00:00",3400136.01
"2018031600157001",3,"DEED","1","FOURTH AVENUE PROPERTY OWNER LLC","104 5 AVE","","US","NEW YORK","NY","10011","2018-03-16 00:00:00",3113503.75
"2018031600157001",3,"DEED","2","HOMEWARDS LLC","613 BALTIC STREET","","US","BROOKLYN","NY","11217","2018-03-16 00:00:00",3113503.75
"2018031400810001",3,"DEED","1","SHAULOV, ALEKSANDR","137 HASTINGS STREET","","US","BROOKLYN","NY","11235","2018-03-15 00:00:00",3060000
"2018031400810001",3,"DEED","2","KHANEJA, AMIT","109 EATON COURT","","US","BROOKLYN","NY","11229","2018-03-15 00:00:00",3060000
"2018030700303004",3,"DEED","1","BH E&L LLC","2035 EAST 12TH STREET","","US","BROOKLYN","NY","11229","2018-03-13 00:00:00",3000000
"2018030700303004",3,"DEED","2","MAMROUT, OUNI","2254 EAST 1ST STREET","","US","BROOKLYN","NY","11223","2018-03-13 00:00:00",3000000
"2018032100060001",3,"DEED","1","SOUTH FIRST PARTNERS LLC","5314 16TH AVENUE SUITE 106","","US","BROOKLYN","NY","11204","2018-03-22 00:00:00",2875000
"2018032100060001",3,"DEED","2","GREEN ROOM ENTERPRISES LLC","170 SOUTH 1ST STREET, UNIT #5A","","US","BROOKLYN","NY","11211","2018-03-22 00:00:00",2875000
"2018020900459001",3,"DEED","1","KING EQUITY PARTNERS LLC","220 BOWERY, 2ND FLOOR","","US","NEW YORK","NY","10012","2018-03-27 00:00:00",2815914.24
"2018020900459001",3,"DEED","2","MA, SHAN-LYN","90 KANE STREET, APT 1","","US","BROOKLYN","NY","11231","2018-03-27 00:00:00",2815914.24
"2018031200054003",3,"DEED","1","275 FOURTH OWNER LLC","850 THIRD AVENUE, SUITE 13D","","US","NEW YORK","NY","10022","2018-03-28 00:00:00",2800187.5
"2018031200054003",3,"DEED","2","MATSUI, RISA","251 1ST ST","","US","BROOKLYN","NY","112151983","2018-03-28 00:00:00",2800187.5
"2018031200054003",3,"DEED","2","WONG , STANLEY","251 1ST ST","","US","BROOKLYN","NY","112151983","2018-03-28 00:00:00",2800187.5
"2018012400587004",3,"DEED","1","GOLDMAN, ETHAN","255 N. SIERRA STREET","UNIT 307","US","RENO","NV","89501","2018-03-02 00:00:00",2750000
"2018012400587004",3,"DEED","1","GOLDMAN, HEATHER","255 N. SIERRA STREET","UNIT 307","US","RENO","NV","89501","2018-03-02 00:00:00",2750000
"2018012400587004",3,"DEED","1","SHIVELY, HEATHER","255 N. SIERRA STREET","UNIT 307","US","RENO","NV","89501","2018-03-02 00:00:00",2750000
"2018012400587004",3,"DEED","2","NAND, RAHUL","30 MAIN STREET","UNIT 4B","US","BROOKLYN","NY","11201","2018-03-02 00:00:00",2750000
"2018012400587004",3,"DEED","2","PATEL, NEHABEN","30 MAIN STREET","UNIT 4B","US","BROOKLYN","NY","11201","2018-03-02 00:00:00",2750000
"2018030900428002",3,"DEED","1","BOHAN, BRIAN","192 WASHINGTON AVENUE","","US","BROOKLYN","NY","11205","2018-03-13 00:00:00",2750000
"2018030900428002",3,"DEED","1","BOHAN, MARCIE","192 WASHINGTON AVENUE","","US","BROOKLYN","NY","11205","2018-03-13 00:00:00",2750000
"2018030900428002",3,"DEED","2","KLEIN, HILLAN","192 WASHINGTON AVENUE","","US","BROOKLYN","NY","11205","2018-03-13 00:00:00",2750000
"2018030900428002",3,"DEED","2","KLEIN, MICHELLE ARBOV","192 WASHINGTON AVENUE","","US","BROOKLYN","NY","11205","2018-03-13 00:00:00",2750000
"2018021501176001",3,"DEED","1","DIANE BECKFORD, EXECUTOR","251 7TH STREET","","US","BROOKLYN","NY","11215","2018-03-02 00:00:00",2725000
"2018021501176001",3,"DEED","1","THE ESTATE OF FRANK H. BECKFORD","251 7TH STREET","","US","BROOKLYN","NY","11215","2018-03-02 00:00:00",2725000
"2018021501176001",3,"DEED","2","142 LINCOLN LLC","P.O. BOX 381040","","US","BROOKLYN","NY","11238","2018-03-02 00:00:00",2725000
"2018030100415001",3,"DEED","1","421 KENT DEVELOPMENT LLC","150 EAST 52ND STREET, SUITE 6002","","US","NEW YORK","NY","10022","2018-03-09 00:00:00",2660000
"2018030100415001",3,"DEED","2","429 KENT , LLC","429 KENT AVENUE, UNIT D715","","US","BROOKLYN","NY","11249","2018-03-09 00:00:00",2660000
"2018030800794001",3,"DEED","1","169 CH9 OWNER, LLC","7121 FAIRWAY DR.","","US","PALM BEACH GARDENS","FL","33418","2018-03-13 00:00:00",2650000
"2018030800794001",3,"DEED","2","BRISSKE, DAVID JONATHAN","171 COLUIMBIA HEIGHTS, UNIT 4B","","US","BROOKLYN","NY","11201","2018-03-13 00:00:00",2650000
"2018030800794001",3,"DEED","2","BRISSKE, JONIDA SHEHU","171 COLUMBIA HEIGHTS, UNIT 4B","","US","BROOKLYN","NY","11201","2018-03-13 00:00:00",2650000
"2018022601129001",3,"DEED","1","421 KENT DEVELOPMENT LLC","150 EAST 52ND STREET, SUITE 6002","","US","NEW YORK","NY","10022","2018-03-01 00:00:00",2632176.25
"2018022601129001",3,"DEED","2","CHOW, DURWIN DAO-YI","C/O DYLAN CHAN,ESQ","139 CENTRE STREET STE 820","US","NEW YORK","NY","10013","2018-03-01 00:00:00",2632176.25
"2018022601129001",3,"DEED","2","NG, LAI SEE CANIS","C/O DYLAN CHAN,ESQ","139 CENTRE STREET STE 820","US","NEW YORK","NY","10013","2018-03-01 00:00:00",2632176.25
"2018031600495001",3,"BOTH RPTT AND RETT","1","MC GREGOR, MARGARET","529 1ST STREET","APT 1","US","BROOKLYN","NY","11215","2018-03-21 00:00:00",2600000
"2018031600495001",3,"BOTH RPTT AND RETT","1","PFAFF, JOHN","529 1ST STREET","APT 1","US","BROOKLYN","NY","11215","2018-03-21 00:00:00",2600000
"2018031600495001",3,"BOTH RPTT AND RETT","2","KENIGSBERG, ALANA","529 1ST STREET","UNIT 1","US","BROOKLYN","NY","11215","2018-03-21 00:00:00",2600000
"2018031600495001",3,"BOTH RPTT AND RETT","2","KENIGSBERG, RON","529 1ST STREET","APT 1","US","BROOKLYN","NY","11215","2018-03-21 00:00:00",2600000
"2018030900227002",3,"DEED","1","ESCORIAL 280 SMA, LLC","ATTN:  DAVID BERGER, C/O DNA DEVELOPMENT LLC","41 UNION SQUARE WEST, #1423","US","NEW YORK","NY","10003","2018-03-12 00:00:00",2596537.5
"2018030900227002",3,"DEED","2","SATTER, SUSAN","ONE HANSON PLACE, APARTMENT 10B","","US","BROOKLYN","NY","11243","2018-03-12 00:00:00",2596537.5
"2018032200308001",3,"DEED","1","BERGER , JUDY","1468 47TH STREET","","US","BROOKLYN","NY","11219","2018-03-26 00:00:00",2450000
"2018032200308001",3,"DEED","2","RUBIN, ELIMEILECH A","1454 47TH STREET","","US","BROOKLYN","NY","11219","2018-03-26 00:00:00",2450000
"2018031500505001",3,"DEED","1","282 -288 NORTH 6TH STREET LLC","65 VESTRY STREET","","US","NEW YORK","NY","10013","2018-03-19 00:00:00",2425000
"2018031500505001",3,"DEED","2","SPEVAKOW, SHELLY","282 N 6TH ST UNIT 1B","","US","BROOKLYN","NY","11211","2018-03-19 00:00:00",2425000
"2018031401262001",3,"DEED","1","290 OCEAN AVE BBMK LLC","2240 STATE ROUTE 33","","US","NEPTUNE CITY","NJ","07753","2018-03-20 00:00:00",2350000
"2018031401262001",3,"DEED","2","FERNANDEZ, MARIO","388 BRIDGE STREET, UNIT 38G","","US","BROOKLYN","NY","11201","2018-03-20 00:00:00",2350000
"2018031401262001",3,"DEED","2","PEREZ, MARTA","388 BRIDGE STREET, UNIT 38G","","US","BROOKLYN","NY","11201","2018-03-20 00:00:00",2350000
"2018030600994002",3,"DEED","1","CLINTON HOMES LLC","295 COLUMBIA STREET","","US","BROOKLYN","NY","11231","2018-03-26 00:00:00",2341975
"2018030600994002",3,"DEED","2","FREIBERGER, CARYN","546 CLINTON STREET, UNIT 2","","US","BROOKLYN","NY","11231","2018-03-26 00:00:00",2341975
"2018030600994002",3,"DEED","2","FREIBERGER, JOSHUA","546 CLINTON STREET, UNIT 2","","US","BROOKLYN","NY","11231","2018-03-26 00:00:00",2341975
"2018030801414001",3,"BOTH RPTT AND RETT","1","E/O CATHERINE A. MCGOVERN","290 CROCUS AVENUE","","US","FLORAL PARK","NY","11001","2018-03-19 00:00:00",2275000
"2018030801414001",3,"BOTH RPTT AND RETT","1","JAMES MCGOVERN, EXECUTOR","290 CROCUS AVENUE","","US","FLORAL PARK","NY","11001","2018-03-19 00:00:00",2275000
"2018030801414001",3,"BOTH RPTT AND RETT","2","BRITO, AMY","9 PROSPECT PARK WEST","UNIT 3A","US","BROOKLYN","NY","11215","2018-03-19 00:00:00",2275000
"2018030801414001",3,"BOTH RPTT AND RETT","2","BRITO, ITALO","9 PROSPECT PARK WEST","UNIT 3A","US","BROOKLYN","NY","11215","2018-03-19 00:00:00",2275000
"2018031900088001",3,"BOTH RPTT AND RETT","1","ARONICA, FRANK","135 EASTERN PARKWAY #14B","","US","BROOKLYN","NY","11238","2018-03-26 00:00:00",2275000
"2018031900088001",3,"BOTH RPTT AND RETT","2","ELLISON, LOIS","293 PARK PLACE","","US","BROOKLYN","NY","11238","2018-03-26 00:00:00",2275000
"2018032001009001",3,"DEED","1","CAKARS, SUSAN","2601 PENNSYLVANIA AVENUE #1133","","US","PHILADELPHIA","PA","19130","2018-03-26 00:00:00",2175000
"2018032001009001",3,"DEED","2","SOKOLER, JENNIFER","781 CARROLL STREET #2","","US","BROOKLYN","NY","11215","2018-03-26 00:00:00",2175000
"2018032001009001",3,"DEED","2","YERRAMALLI, PRASHANT","781 CARROLL STREET #2","","US","BROOKLYN","NY","11215","2018-03-26 00:00:00",2175000
"2018030800979003",3,"DEED","1","FORT GREENE HOMES LLC","C/O EAST RIVER PARTNERS","600 MADISON AVE, 3RD FLOOR","US","NEW YORK","NY","10022","2018-03-22 00:00:00",2150000
"2018030800979003",3,"DEED","2","KAPLAN, DAVID E","171 SOUTH PORTLAND AVENUE","UNIT 4A","US","BROOKLYN","NY","11217","2018-03-22 00:00:00",2150000
"2018030800979003",3,"DEED","2","KAPLAN, SAMUEL I","171 SOUTH PORTLAND AVENUE","UNIT 4A","US","BROOKLYN","NY","11217","2018-03-22 00:00:00",2150000
"2018030800979003",3,"DEED","2","MARX, JULIA","171 SOUTH PORTLAND AVENUE","UNIT 4A","US","BROOKLYN","NY","11217","2018-03-22 00:00:00",2150000
"2018030800979003",3,"DEED","2","SINGER, DEBORAH J","171 SOUTH PORTLAND AVENUE","UNIT 4A","US","BROOKLYN","NY","11217","2018-03-22 00:00:00",2150000
"2018031400660003",3,"DEED","1","PACIFIC PARK 550 VANDERBILT, LLC","C/O: GREENLAND FOREST CITY PARTNERS","1 METROTECH CENTER, 23RD FLOOR","US","BROOKLYN","NY","11201","2018-03-15 00:00:00",2150000
"2018031400660003",3,"DEED","2","ROBERTS, PAULA","111 LAWRENCE STREET APT 45G","","US","BROOKLYN","NY","112013932","2018-03-15 00:00:00",2150000
"2018031400660003",3,"DEED","2","ROBERTS, RICARDO","111 LAWRENCE STREET, APT. 45G","","US","BROOKLYN","NY","11201","2018-03-15 00:00:00",2150000
"2018031301166001",3,"DEED","1","258 N9 GROUP LLC","101 BROADWAY","SUITE 500","US","BROOKLYN","NY","11249","2018-03-15 00:00:00",2100000
"2018031301166001",3,"DEED","2","NORMAN, LYNDSAY","258 NORTH 9TH STREET","UNIT 5","US","BROOKLYN","NY","11211","2018-03-15 00:00:00",2100000
"2018031301166001",3,"DEED","2","NORMAN, PHILIP","258 NORTH 9TH STREET","UNIT 5","US","BROOKLYN","NY","11211","2018-03-15 00:00:00",2100000
"2018030100102001",3,"BOTH RPTT AND RETT","1","PLATT, MARK","388 SOUTH COUNTRY ROAD","","US","BROOKHAVEN","NY","11719","2018-03-09 00:00:00",2045000
"2018030100102001",3,"BOTH RPTT AND RETT","1","PLATT, TERESA","388 SOUTH COUNTRY ROAD","","US","BROOKHAVEN","NY","11719","2018-03-09 00:00:00",2045000
"2018030100102001",3,"BOTH RPTT AND RETT","2","ARONSON, ARNOLD","70 WASHINGTON STREET, UNIT 11O","","US","BROOKLYN","NY","11201","2018-03-09 00:00:00",2045000
"2018030100102001",3,"BOTH RPTT AND RETT","2","NOVACK, LORIE","70 WASHINGTON STREET, UNIT 11O","","US","BROOKLYN","NY","11201","2018-03-09 00:00:00",2045000
"2018031500877002",3,"DEED","1","500 WAVERLY PROPERTY OWNER, LLC","350 SEVENTH AVENUE, SUITE 1604","","US","NEW YORK","NY","10001","2018-03-16 00:00:00",2031408.75
"2018031500877002",3,"DEED","2","AHMED, FARAH  D","500 WAVERLY AVENUE, UNIT 2A","","US","BROOKLYN","NY","11238","2018-03-16 00:00:00",2031408.75
"2018031500877002",3,"DEED","2","CALLIERI, CHRISTIAN F","500 WAVERLY AVENUE, UNIT 2A","","US","BROOKLYN","NY","11238","2018-03-16 00:00:00",2031408.75
"2018022200959001",3,"DEED","1","SCHWARTZ, EVAN S","145 PARK PLACE","UNIT 2C","US","BROOKLYN","NY","11217","2018-03-15 00:00:00",2000000
"2018022200959001",3,"DEED","1","SCHWARTZ, LISA Y","145 PARK PLACE","UNIT 2C","US","BROOKLYN","NY","11217","2018-03-15 00:00:00",2000000
"2018022200959001",3,"DEED","2","JETHA, KHALIL","145 PARK PLACE","UNIT 2C","US","BROOKLYN","NY","11217","2018-03-15 00:00:00",2000000
"2018022200959001",3,"DEED","2","NAYAK, MEGHNA","145 PARK PLACE","UNIT 2C","US","BROOKLYN","NY","11217","2018-03-15 00:00:00",2000000
"2018031400474001",3,"DEED","1","DENNY, ADAM LEE","8 DOWNING STREET, UNIT TH2 AKA UNIT 8A","","US","BROOKLYN","NY","11238","2018-03-28 00:00:00",2000000
"2018031400474001",3,"DEED","1","DENNY, MARICELLE","225 BAY STREET, APT. 308","","US","JERSEY CITY","NJ","07302","2018-03-28 00:00:00",2000000
"2018031400474001",3,"DEED","2","DENNY, ADAM LEE","8 DOWNING STREET, UNIT TH2 AKA UNIT 8A","","US","BROOKLYN","NY","11238","2018-03-28 00:00:00",2000000
"2018030900444002",3,"DEED","1","GOLDMAN, ADAM","4 WATER STREET, #3C","","US","BROOKLYN","NY","11201","2018-03-27 00:00:00",1990000
"2018030900444002",3,"DEED","1","YOO, PHYLLIS","4 WATER STREET, #3C","","US","BROOKLYN","NY","11201","2018-03-27 00:00:00",1990000
"2018030900444002",3,"DEED","2","COTLER, EDWARD","4 WATER STREET, #3C","","US","BROOKLYN","NY","11201","2018-03-27 00:00:00",1990000
"2018030900444002",3,"DEED","2","COTLER, ELINA","4 WATER STREET, #3C","","US","BROOKLYN","NY","11201","2018-03-27 00:00:00",1990000
"2018022800910004",3,"DEED","1","CONNOLLY, SHANNON","C/O 275 MADISON AVENUE, STE 801","","US","NEW YORK","NY","10016","2018-03-02 00:00:00",1970000
"2018022800910004",3,"DEED","1","PODDUTURI, ANIL","C/O 275 MADISON AVENUE, STE 801","","US","NEW YORK","NY","10016","2018-03-02 00:00:00",1970000
"2018022800910004",3,"DEED","2","FLEISHMAN, CRAIG","30 MAIN STREET, APT 4A","","US","BROOKLYN","NY","11201","2018-03-02 00:00:00",1970000
"2018022800910004",3,"DEED","2","MAGAL, TALI","30 MAIN STREET, APT 4A","","US","BROOKLYN","NY","11201","2018-03-02 00:00:00",1970000
"2018022700881001",3,"DEED","1","PACIFIC PARK 550 VANDERBILT, LLC","C/O: GREENLAND FOREST CITY PARTNERS","1 METROTECH CENTER, 23RD FLOOR","US","BROOKLYN","NY","11201","2018-03-13 00:00:00",1950000
"2018022700881001",3,"DEED","2","KLEIN, MIRIAM","127 ST. JOHNS PLACE","","US","BROOKLYN","NY","11217","2018-03-13 00:00:00",1950000
"2018032601292003",3,"DEED","1","GOLDSTEIN, CRAIG","823 CLASSON AVENUE, APT. #7-1","","US","BROOKLYN","NY","11238","2018-03-30 00:00:00",1910000
"2018032601292003",3,"DEED","1","GOLDSTEIN , RACHEL","823 CLASSON AVENUE, APT. #7-1","","US","BROOKLYN","NY","11238","2018-03-30 00:00:00",1910000
"2018032601292003",3,"DEED","2","FOGER, JENNA","700 PACIFIC STREET, #809 (AKA 535 DEAN ST., #809)","","US","BROOKLYN","NY","11217","2018-03-30 00:00:00",1910000
"2018032601292003",3,"DEED","2","FOGER, ORIYA","700 PACIFIC STREET , #809 (AKA 535 DEAN ST., #809)","","US","BROOKLYN","NY","11217","2018-03-30 00:00:00",1910000
"2018032200433006",3,"DEED","1","319 SCHERMERHORN PROPERTY OWNER LLC","C/O: ADAM AMERICA REAL ESTATE","850 3RD AVE., SUITE 13D","US","NEW YORK","NY","10022","2018-03-30 00:00:00",1898355.86
"2018032200433006",3,"DEED","2","HOWARD, DANIEL STEVEN","319 SCHERMERHORN STREET","UNIT 16B","US","BROOKLYN","NY","11217","2018-03-30 00:00:00",1898355.86
"2018032200433006",3,"DEED","2","HOWARD, VANESSA H","319 SCHERMERHORN STREET","UNIT 16B","US","BROOKLYN","NY","11217","2018-03-30 00:00:00",1898355.86
"2018031900976001",3,"DEED","1","184 KENT OWNER, L.L.C.","C/O: KUSHNER COMPANIES","666 5TH AVE","US","NEW YORK","NY","101030001","2018-03-29 00:00:00",1875000
"2018031900976001",3,"DEED","2","YEN, AMY","184 KENT AVENUE, UNIT A512","","US","BROOKLYN","NY","11249","2018-03-29 00:00:00",1875000
"2018032100510001",3,"DEED","1","184 KENT OWNER, L.L.C","666 5TH AVE","","US","NEW YORK","NY","101030001","2018-03-27 00:00:00",1830976.52
"2018032100510001",3,"DEED","2","V AND M 184 LLC","345 EAST 80TH STREET","5G","US","NEW YORK","NY","10075","2018-03-27 00:00:00",1830976.52
"2018022300749002",3,"DEED","1","ARKING, GRACE","1536 EAST 9TH STREET","","US","BROOKLYN","NY","11230","2018-03-02 00:00:00",1800000
"2018022300749002",3,"DEED","1","ARKING, RAYMOND","1536 EAST 9TH STREET","","US","BROOKLYN","NY","11230","2018-03-02 00:00:00",1800000
"2018022300749002",3,"DEED","2","CABASSO, JACK","1539 EAST 8TH STREET","","US","BROOKLYN","NY","11230","2018-03-02 00:00:00",1800000
"2018022300749002",3,"DEED","2","CABASSO, SHARON","1539 EAST 8TH STREET","","US","BROOKLYN","NY","11230","2018-03-02 00:00:00",1800000
"2018030601072002",3,"DEED","1","DELOZIER, MARIT","3833 WASHINGTON SQUARE, APT. #1","","US","LOUISVILLE","KY","402071938","2018-03-09 00:00:00",1775000
"2018030601072002",3,"DEED","2","GOFFIN-ROBLES, ANA","57 FRONT STREET, APT. #406","","US","BROOKLYN","NY","11201","2018-03-09 00:00:00",1775000
"2018030601072002",3,"DEED","2","ROBLES, JUAN CARLOS","57 FRONT STREET, APT. #406","","US","BROOKLYN","NY","11201","2018-03-09 00:00:00",1775000
"2018032000050001",3,"DEED","1","222 HANCOCK LLC","5-9 UNION SQUARE WEST, 6TH FLOOR","","US","NEW YORK","NY","10003","2018-03-23 00:00:00",1740803.13
"2018032000050001",3,"DEED","2","AQEEL, TRUSTEE, OMAR FAROUK","4 DOWNING STREET","","US","BROOKLYN","NY","11238","2018-03-23 00:00:00",1740803.13
"2018032000050001",3,"DEED","2","MCGRAW AQEEL, TRUSTEE, SUSAN","4 DOWNING STREET","","US","BROOKLYN","NY","11238","2018-03-23 00:00:00",1740803.13
"2018032000050001",3,"DEED","2","OMAR FAROUK AQEEL TRUST","4 DOWNING STREET","","US","BROOKLYN","NY","11238","2018-03-23 00:00:00",1740803.13
"2018030200338001",3,"DEED","1","282 - 288 NORTH 6TH STREET LLC","65 VESTRY STREET","","US","NEW YORK","NY","10013","2018-03-06 00:00:00",1730006.75
"2018030200338001",3,"DEED","2","LABKOWSKI, NACHUM","278 NORTH 6TH STREET, UNIT 2A","","US","BROOKLYN","NY","11211","2018-03-06 00:00:00",1730006.75
"2018030200338001",3,"DEED","2","ZUBRIK, DANIEL","278 NORTH 6TH STREET, UNIT 2A","","US","BROOKLYN","NY","11211","2018-03-06 00:00:00",1730006.75
"2018030700629001",3,"DEED","1","FORT GREENE HOMES LLC","600 MADISON AVE","3RD FLOOR","US","NY","NY","10022","2018-03-09 00:00:00",1718806
"2018030700629001",3,"DEED","2","LAPINE, PHOEBE","171 S. PORTLAND AVE.","UNIT 3B","US","BROOKLYN","NY","11217","2018-03-09 00:00:00",1718806
"2018030700629001",3,"DEED","2","MOFFETT, CHARLES","171 S. PORTLAND AVE.","UNIT 3B","US","BROOKLYN","NY","11217","2018-03-09 00:00:00",1718806
"2018030901107001",4,"DEED","1","ALISHAEV, SIMON","10837 68 DRIVE","","US","FOREST HILLS","NY","11375","2018-03-15 00:00:00",4350000
"2018030901107001",4,"DEED","1","ELISHAEV, DIANA","10837 68 DRIVE","","US","FOREST HILLS","NY","11375","2018-03-15 00:00:00",4350000
"2018030901107001",4,"DEED","2","GAVRILOVA, AS TRUSTEE, ZULAY","108-57 70TH AVENUE","","US","FOREST HILLS","NY","11375","2018-03-15 00:00:00",4350000
"2018030901107001",4,"DEED","2","KHAIMOV, AS TRUSTEE, RAFIK","108-57 70TH AVENUE","","US","FOREST HILLS","NY","11375","2018-03-15 00:00:00",4350000
"2018030901107001",4,"DEED","2","THE KHAIMOV FAMILY WEALTH TRUST","108-57 70TH AVENUE","","US","FOREST HILLS","NY","11375","2018-03-15 00:00:00",4350000
"2018032001058001",4,"DEED","1","LIMA III, FAUSTO P","10-40 46TH ROAD","","US","LONG ISLAND CITY","NY","11101","2018-03-22 00:00:00",3100000
"2018032001058001",4,"DEED","2","JACOBS, JOSEPH DAVID","4720 CENTER BLVD","UNIT 1503","US","LONG ISLAND CITY","NY","11109","2018-03-22 00:00:00",3100000
"2018032001058001",4,"DEED","2","WOLTERING,  MICHAEL ALEXANDER","4720 CENTER BLVD","UNIT 1503","US","LONG ISLAND CITY","NY","11109","2018-03-22 00:00:00",3100000
"2018032001433001",4,"DEED","1","DINA PIZZINGRILLO, AS EXECUTOR","219-04 74TH AVENUE","","US","OAKLAND GARDENS","NY","11364","2018-03-22 00:00:00",2350000
"2018032001433001",4,"DEED","1","OF THE ESTATE OF GLORIA PIZZINGRILLO","219-04 74TH AVENUE","","US","OAKLAND GARDENS","NY","11364","2018-03-22 00:00:00",2350000
"2018032001433001",4,"DEED","2","WANG, QIU HUA","37 MAPLE AVENUE","","US","ROSLYN HEIGHTS","NY","11577","2018-03-22 00:00:00",2350000
"2018032001433001",4,"DEED","2","ZHANG, XIAO SONG","37 MAPLE AVENUE","","US","ROSLYN HEIGHTS","NY","11577","2018-03-22 00:00:00",2350000
"2018031500311001",4,"DEED","1","PURVES DEVELOPMENT LLC","42-22 22ND STREET","","US","LONG ISLAND CITY","NY","11101","2018-03-19 00:00:00",2112868.75
"2018031500311001",4,"DEED","2","JI, KEJIN","8348 258TH STREET","","US","GLEN OAKS","NY","11004","2018-03-19 00:00:00",2112868.75
"2018031500311001",4,"DEED","2","PARIHAR , SANDEEP","8348 258TH STREET","","US","GLEN OAKS","NY","11004","2018-03-19 00:00:00",2112868.75
"2018030200398004",4,"DEED","1","DENG, YUNXI","46-30 CENTER BLVD.,","UNIT 612","US","LONG ISLAND CITY","NY","11109","2018-03-12 00:00:00",2100000
"2018030200398004",4,"DEED","1","LI, XIZHEN","46-30 CENTER BLVD.,","UNIT 612","US","LONG ISLAND CITY","NY","11109","2018-03-12 00:00:00",2100000
"2018030200398004",4,"DEED","1","MO, LIHUA","46-30 CENTER BLVD.,","UNIT 612","US","LONG ISLAND CITY","NY","11109","2018-03-12 00:00:00",2100000
"2018030200398004",4,"DEED","2","CUI, XIAOPING","5-19 BORDEN AVENUE","UNIT 3A","US","LONG ISLAND CITY","NY","11101","2018-03-12 00:00:00",2100000
"2018030200398004",4,"DEED","2","LI, YUZHOU","5-19 BORDEN AVENUE","UNIT 3A","US","LONG ISLAND CITY","NY","11101","2018-03-12 00:00:00",2100000
"2018032800919001",4,"DEED","1","SOLOWAY, LORRAINE G","C/O:. PRYOR CASHMAN LLP","7 TIMES SQUARE, 39TH FLOOR","US","NEW YORK","NY","10036","2018-03-29 00:00:00",2000000
"2018032800919001",4,"DEED","2","FATIR, ILAN","184-50 MIDLAND PARKWAY","","US","JAMAICA","NY","11432","2018-03-29 00:00:00",2000000
"2018032800919001",4,"DEED","2","YAKUBOV-FATIR, INNA","184-50 MIDLAND PARKWAY","","US","JAMAICA","NY","11432","2018-03-29 00:00:00",2000000
"2018030800228001",4,"DEED","1","DILEONARDO, ESQ., AS REFEREE, GARY","97 LEXINGTON AVENUE","","US","MALVERNE","NY","11565","2018-03-09 00:00:00",1800000
"2018030800228001",4,"DEED","2","CHENG, CHEUNG CHUNG","27-28 THOMSON AVE,","","US","LONG ISLAND CITY","NY","11101","2018-03-09 00:00:00",1800000
"2018030800228001",4,"DEED","2","CHENG, PUI CHI","27-28 THOMOSN AVE.","","US","LONG ISLAND CITY","NY","11101","2018-03-09 00:00:00",1800000
"2018030800228001",4,"DEED","2","CHENG, YU CHIN","27-28 THOMSON AVE.","","US","LONG ISLAND CITY","NY","11101","2018-03-09 00:00:00",1800000
"2018030101286001",4,"DEED","1","PURVES DEVELOPMENT LLC","42-22 22ND STREET","","US","LONG ISLAND CITY","NY","11101","2018-03-02 00:00:00",1792120
"2018030101286001",4,"DEED","2","HAN , XIAOBIN","27-21 44TH DRIVE","UNIT NO. 1902","US","LONG ISLAND CITY","NY","11101","2018-03-02 00:00:00",1792120
"2018031300002001",4,"DEED","1","PURVES DEVELOPMENT LLC","42-22 22ND STREET","","US","LONG ISLAND CITY","NY","11101","2018-03-15 00:00:00",1680000
"2018031300002001",4,"DEED","2","ACKERMAN MACK, KATHERINE","340 W 55TH ST., #6C","","US","NEW YORK","NY","10019","2018-03-15 00:00:00",1680000
"2018031300002001",4,"DEED","2","MACK, MATTHEW","340 W 55TH ST., #6C","","US","NEW YORK","NY","10019","2018-03-15 00:00:00",1680000
"2018030900700001",4,"DEED","1","VITTORIA, PINA","36-22 31ST ST","","US","LONG ISLAND CITY","NY","111062323","2018-03-12 00:00:00",1650000
"2018030900700001",4,"DEED","2","SOCRATES SERVICES INTERNATIONAL, LLC","2432 45TH ST","","US","LONG ISLAND CITY","NY","111031030","2018-03-12 00:00:00",1650000
"2018031201003001",4,"DEED","1","FULCRUM REAL ESTATE ADVISORS LLC","7-05 152ND STREET","","US","WHITESTONE","NY","11357","2018-03-13 00:00:00",1578288
"2018031201003001",4,"DEED","2","HSIA, XIAO HSIA","2 GALLO WAY","","US","EDISON","NJ","08820","2018-03-13 00:00:00",1578288
"2018031201003001",4,"DEED","2","WENG, JIN PIN","2 GALLO WAY","","US","EDISON","NJ","08820","2018-03-13 00:00:00",1578288
"2018032200420001",4,"DEED","1","RIMLER, SEAN","56 MELROSE ROAD","","US","DIX HILLS","NY","11746","2018-03-23 00:00:00",1575000
"2018032200420001",4,"DEED","2","LALLY, BRENDAN","270 BEACH 137TH STREET","","US","FAR ROCKAWAY","NY","11694","2018-03-23 00:00:00",1575000
"2018032200420001",4,"DEED","2","LALLY, SINEAD","270 BEACH 137TH ST","","US","FAR ROCKAWAY","NY","116941332","2018-03-23 00:00:00",1575000
"2018032301080001",4,"DEED","1","SKY VIEW PARC II, L.P.","712 FIFTH AVENUE","","US","NEW YORK","NY","10019","2018-03-26 00:00:00",1558673.97
"2018032301080001",4,"DEED","2","NI, KUEY-FEN WU","40 CHARTER OAK ROAD","","US","STATEN ISLAND","NY","10304","2018-03-26 00:00:00",1558673.97
"2018032301080001",4,"DEED","2","NI, LOU-FU","40 CHARTER OAK ROAD","","US","STATEN ISLAND","NY","10304","2018-03-26 00:00:00",1558673.97
"2018032600939001",4,"DEED","1","BARRETTA, ANTHONY","C/O:. LAW OFFICE OF YEUNG AND WANG, PLLC","39-01 MAIN STREET, SUITE 509","US","FLUSHING","NY","11354","2018-03-27 00:00:00",1550000
"2018032600939001",4,"DEED","2","PEREZ, GLISEL","154-60 24TH AVENUE","","US","WHITESTONE","NY","11357","2018-03-27 00:00:00",1550000
"2018032900461001",4,"DEED","1","ALWAYS DEVELOPMENT, INC","248-50 THEBES AVENUE","","US","FLUSHING","NY","11362","2018-03-30 00:00:00",1496827.5
"2018032900461001",4,"DEED","2","STEFANOPOULOS , EMANUEL","43-06 MARATHON PKWY","","US","LITTLE NECK","NY","11363","2018-03-30 00:00:00",1496827.5
"2018032200312001",4,"DEED","1","SKY VIEW PARC II, L.P.","712 FIFTH AVENUE","","US","NEW YORK","NY","10019","2018-03-23 00:00:00",1484850.84
"2018032200312001",4,"DEED","2","CHAU, JOHNSON","8 LAUREL LANE","","US","OLD WESTBURY","NY","11568","2018-03-23 00:00:00",1484850.84
"2018032200312001",4,"DEED","2","YEUNG, YU KWAN LISA","8 LAUREL LANE","","US","OLD WESTBURY","NY","11568","2018-03-23 00:00:00",1484850.84
"2018022800321003",4,"DEED","1","SAFRAN, MICHAEL T","1888 KALAKAUA AVE APT 1203","","US","HONOLULU","HI","968151531","2018-03-02 00:00:00",1435000
"2018022800321003",4,"DEED","1","SAFRAN, SACHIKO","1888 KALAKAUA AVE APT 1203","","US","HONOLULU","HI","968151531","2018-03-02 00:00:00",1435000
"2018022800321003",4,"DEED","2","KIM, MARK J","5-19 BORDEN AVENUE","UNIT 1A","US","LONG ISLAND CITY","NY","11101","2018-03-02 00:00:00",1435000
"2018022800321003",4,"DEED","2","LUK, ELIZA SUM YEE","5-19 BORDEN AVENUE","UNIT 1A","US","LONG ISLAND CITY","NY","11101","2018-03-02 00:00:00",1435000
"2018031300878001",4,"DEED","1","JMP CAPITAL HOLDINGS LLC","217-48 PECK AVENUE","","US","QUEENS VILLAGE","NY","11427","2018-03-14 00:00:00",1400000
"2018031300878001",4,"DEED","2","LULAV AND ETROG, LLC","14000 CHANDLER BLVD","","US","SHERMAN OAKS","CA","91401","2018-03-14 00:00:00",1400000
"2018031401204001",4,"DEED","1","TYSON, ROY","176-16 KILDARE RD","","US","JAMAICA ESTATES","NY","11432","2018-03-15 00:00:00",1400000
"2018031401204001",4,"DEED","1","WAGNER-TYSON, KATHLEEN M","176-16 KILDARE RD","","US","JAMAICA ESTATES","NY","11432","2018-03-15 00:00:00",1400000
"2018031401204001",4,"DEED","2","KILDARE HOLDING LLC","17616 KILDARE RD","","US","JAMAICA","NY","114321413","2018-03-15 00:00:00",1400000
"2018032700159001",4,"DEED","1","MURRAY PARK SOUTH, LLC","35-06 LEAVITT STREET","UNIT CFA","US","FLUSHING","NY","11354","2018-03-27 00:00:00",1389911.25
"2018032700159001",4,"DEED","2","PAUL, CHAMARA","44-27 PURVES STREET","UNIT 8E","US","LONG ISLAND CITY","NY","11109","2018-03-27 00:00:00",1389911.25
"2018032700159001",4,"DEED","2","TSU PUNG LEE, PAUL","44-27 PURVES STREET","UNIT 8E","US","LONG ISLAND CITY","NY","11109","2018-03-27 00:00:00",1389911.25
"2018032200555001",4,"DEED","1","SKY VIEW PARC II, L.P.","712 FIFTH AVENUE","","US","NEW YORK","NY","10019","2018-03-23 00:00:00",1377934.59
"2018032200555001",4,"DEED","2","YEUNG, TSZ-YIN","303 EAST 43RD STREET, UNIT 18C","","US","NEW YORK","NY","10017","2018-03-23 00:00:00",1377934.59
"2018030800982001",4,"DEED","1","SKY VIEW PARC II, L.P.","712 FIFTH AVENUE","","US","NEW YORK","NY","10019","2018-03-12 00:00:00",1375388.97
"2018030800982001",4,"DEED","2","SHEN, AIFEN","133-47 SANFORD AVENUE, UNIT 8C","","US","FLUSHING","NY","11355","2018-03-12 00:00:00",1375388.97
"2018031600137001",4,"DEED","1","ALMONTE, ELIZABETH","21 GLENBY LANE","","US","GLEN HEAD","NY","11545","2018-03-26 00:00:00",1360000
"2018031600137001",4,"DEED","1","ALMONTE, GILDA","182-20 HOVENDON ROAD","","US","JAMAICA","NY","11432","2018-03-26 00:00:00",1360000
"2018031600137001",4,"DEED","2","YUSUPOV, GEULA","84-53 AVON STREET","","US","JAMAICA","NY","11432","2018-03-26 00:00:00",1360000
"2018031600137001",4,"DEED","2","YUSUPOV, STEVE","84-53 AVON STREET","","US","JAMAICA","NY","11432","2018-03-26 00:00:00",1360000
"2018032300190002",4,"DEED","1","MURRAY PARK SOUTH, LLC","35-06 LEAVITT STREET","UNIT CF-A","US","FLUSHING","NY","11354","2018-03-23 00:00:00",1354272.5
"2018032300190002",4,"DEED","2","CHEN , YUJIE","11-30 45TH ROAD","UNIT NO. 5D","US","LONG ISLAND CITY","NY","11101","2018-03-23 00:00:00",1354272.5
"2018032300190002",4,"DEED","2","ZHENG, JIALEI","11-30 45TH ROAD","UNIT NO. 5D","US","LONG ISLAND CITY","NY","11101","2018-03-23 00:00:00",1354272.5
"2018030500239001",4,"DEED","1","SKY VIEW PARC II, L.P.","712 FIFTH AVENUE","","US","NEW YORK","NY","10019","2018-03-26 00:00:00",1340768.47
"2018030500239001",4,"DEED","2","SHEN, ELLA","10 SARSATOGA COURT","","US","MORGANVILLE","NJ","07751","2018-03-26 00:00:00",1340768.47
"2018030500239001",4,"DEED","2","SHEN, KEVIN JUNLIN","10 SARSATOGA COURT","","US","MORGANVILLE","NY","07751","2018-03-26 00:00:00",1340768.47
"2018022801437001",4,"DEED","1","SKY VIEW PARC II, L.P.","712 FIFTH AVENUE","","US","NEW YORK","NY","10019","2018-03-01 00:00:00",1339241.09
"2018022801437001",4,"DEED","2","LIU, YUJIE","40-28 COLLEGE POINT BLVD., UNIT 1108","","US","FLUSHING","NY","11354","2018-03-01 00:00:00",1339241.09
"2018032000760001",4,"DEED","1","MURRAY PARK SOUTH, LLC","35-06 LEAVIT STREET","UNIT CF-A","US","FLUSHING","NY","11354","2018-03-21 00:00:00",1333907.5
"2018032000760001",4,"DEED","2","LU, SHAO-CHEN","45-45 CENTER BLVD., #3003","","US","LONG ISLAND CITY","NY","11109","2018-03-21 00:00:00",1333907.5
"2018032000760001",4,"DEED","2","YANG, CHUN-CHI","45-45 CENTER BLVD., #3003","","US","LONG ISLAND CITY","NY","11109","2018-03-21 00:00:00",1333907.5
"2018032801150001",4,"DEED","1","CHEUNG, ELINNA GAWAH","217-38 53RD AVENUE","","US","BAYSIDE","NY","11364","2018-03-30 00:00:00",1320000
"2018032801150001",4,"DEED","1","FUNG, DANNY MING HANG","217-38 53RD AVENUE","","US","BAYSIDE","NY","11364","2018-03-30 00:00:00",1320000
"2018032801150001",4,"DEED","2","CHEN, JIAN ZHONG","217-38 53RD AVENUE","","US","BAYSIDE","NY","11364","2018-03-30 00:00:00",1320000
"2018032801150001",4,"DEED","2","CHEN, WEN HONG MO","217-38 53RD AVENUE","","US","BAYSIDE","NY","11364","2018-03-30 00:00:00",1320000
"2018030100956003",4,"DEED","1","SKY VIEW PARC II, L.P.","712 FIFTH AVENUE","","US","NEW YORK","NY","10019","2018-03-02 00:00:00",1306147.97
"2018030100956003",4,"DEED","2","HE, ERIC","131-01 40TH ROAD, UNIT 15M","","US","FLUSHING","NY","11354","2018-03-02 00:00:00",1306147.97
"2018030100956003",4,"DEED","2","HUANG, WEN","131-01 40TH ROAD, UNIT 15M","","US","FLUSHING","NY","11354","2018-03-02 00:00:00",1306147.97
"2018031401281001",4,"DEED","1","CHANG, MICHA","82-47 209TH STREET","","US","HOLLIS HILLS","NY","11427","2018-03-15 00:00:00",1300000
"2018031401281001",4,"DEED","1","CHANG , SEUK KUN","82-47 209TH STREET","","US","HOLLIS HILLS","NY","11427","2018-03-15 00:00:00",1300000
"2018031401281001",4,"DEED","2","ZOTIAN, TAKOUHI","110-11 QUEENS BLVD.","","US","FOREST HILLS","NY","11375","2018-03-15 00:00:00",1300000
"2018032000939001",4,"DEED","1","FIGUEROA, RODRIGO MAXIMILIANO GUERRERO","10-27 47TH ROAD","APT 2B","US","LONG ISLAND CITY","NY","11101","2018-03-22 00:00:00",1290000
"2018032000939001",4,"DEED","1","LOPES, CLAUDIA LIRA","10-27 47TH ROAD","APT 2B","US","LONG ISLAND CITY","NY","11101","2018-03-22 00:00:00",1290000
"2018032000939001",4,"DEED","2","LAM, GRACE","11-02 49TH AVENUE","APT 2A","US","LONG ISLAND CITY","NY","11101","2018-03-22 00:00:00",1290000
"2018032000939001",4,"DEED","2","TAM, LAWRENCE","11-02 49TH AVENUE","APT 2A","US","LONG ISLAND CITY","NY","11101","2018-03-22 00:00:00",1290000
"2018022701336001",4,"DEED","1","SKY VIEW PARC II, L.P.","712 FIFTH AVENUE","","US","NEW YORK","NY","10019","2018-03-01 00:00:00",1286292.09
"2018022701336001",4,"DEED","2","PENG, JIAN","126 ELMWOOD DRIVE","","US","HUNTINGTON STATION","NY","11746","2018-03-01 00:00:00",1286292.09
"2018022701336001",4,"DEED","2","WANG, BARBARA","126 ELMWOOD DRIVE","","US","HUNTINGTON STATION","NY","11746","2018-03-01 00:00:00",1286292.09
"2018030200659001",4,"DEED","1","FOUNTOS, EVANGELINA","23-11 160TH STREET","","US","WHITESTONE","NY","11357","2018-03-06 00:00:00",1280000
"2018030200659001",4,"DEED","1","FOUNTOS, IOANNIS","23-11 160TH STREET","","US","WHITESTONE","NY","11357","2018-03-06 00:00:00",1280000
"2018030200659001",4,"DEED","2","CHEN, GUO WU","23-11 160TH STREET","","US","WHITESTONE","NY","11357","2018-03-06 00:00:00",1280000
"2018030200659001",4,"DEED","2","LI, XIU YAN","23-11 160TH STREET","","US","WHITESTONE","NY","11357","2018-03-06 00:00:00",1280000
"2018030100999001",4,"DEED","1","LIM, CHAE S.","146-06 25 DRIVE., 2FL","","US","FLUSHING","NY","11354","2018-03-02 00:00:00",1260000
"2018030100999001",4,"DEED","1","PAK, UN KYONG","146-06 25 DRIVE., 2FL","","US","FLUSHING","NY","11354","2018-03-02 00:00:00",1260000
"2018030100999001",4,"DEED","2","XIU, GERRY ZHONGGIU","32-39 165 STREET","","US","FLUSHING","NY","113580000","2018-03-02 00:00:00",1260000
"2018030100999001",4,"DEED","2","XU, XING DONG","32-39 165 STREET","","US","FLUSHING","NY","11358","2018-03-02 00:00:00",1260000
"2018030100999001",4,"DEED","2","ZHOU, WENHUA","32-39 165 STREET","","US","FLUSHING","NY","11358","2018-03-02 00:00:00",1260000
"2018030200048001",4,"DEED","1","AEIH REALTY LLC","18631 TROON RD","","US","JAMAICA","NY","114325816","2018-03-08 00:00:00",1250000
"2018030200048001",4,"DEED","2","THE TRUST U/W HAMO S. DARMANIAN","18621 TROON RD","","US","JAMAICA","NY","114325816","2018-03-08 00:00:00",1250000
"2018032900015001",4,"DEED","1","CASAGRANDE PETRONE, LUCIA","251-51 52ND AVENUE","","US","LITTLE NECK","NY","11362","2018-03-29 00:00:00",1250000
"2018032900015001",4,"DEED","1","SORBARA, ROSANA","251-51 52ND AVENUE","","US","LITTLE NECK","NY","11362","2018-03-29 00:00:00",1250000
"2018032900015001",4,"DEED","2","MERSTEN, ROBERT","57-23 253RD STREET","","US","LITTLE NECK","NY","11362","2018-03-29 00:00:00",1250000
"2018032900015001",4,"DEED","2","MERSTEN, SHERYL","57-23 253RD STREET","","US","LITTLE NECK","NY","11362","2018-03-29 00:00:00",1250000
"2018030900270001",4,"DEED","1","6717 CORP.","69-43 172ND STREET","","US","FRESH MEADOWS","NY","11365","2018-03-12 00:00:00",1241223.75
"2018030900270001",4,"DEED","2","SZE , DA YING","70-10 172ND STREET","","US","FRESH MEADOWS","NY","11365","2018-03-12 00:00:00",1241223.75
"2018030900270001",4,"DEED","2","ZHUO, YA QUN","70-10 172ND STREET","","US","FRESH MEADOWS","NY","11365","2018-03-12 00:00:00",1241223.75
"2018030600458001",4,"DEED","1","FOX, STEPHEN","2728 THOMSON AVE","","US","LONG ISLAND CITY","NY","111012922","2018-03-08 00:00:00",1237500
"2018030600458001",4,"DEED","2","DELA CRUZ JR., FILEMON","328 EAST 74TH STREET","","US","NEW YORK","NY","10021","2018-03-08 00:00:00",1237500
"2018030600458001",4,"DEED","2","LYONS, JOHN R","328 EAST 74TH STREET","","US","NEW YORK","NY","10021","2018-03-08 00:00:00",1237500
"2018030501368001",4,"DEED","1","DONG, FEN FANG","49-23 WEEKS LANE","","US","FRESH MEADOWS","NY","11365","2018-03-15 00:00:00",1230000
"2018030501368001",4,"DEED","1","SZE, YUK YIU","49-23 WEEKS LANE","","US","FRESH MEADOWS","NY","11365","2018-03-15 00:00:00",1230000
"2018030501368001",4,"DEED","2","ZINK, CANDIDA","38-35 204TH STREET","","US","BAYSIDE","NY","11361","2018-03-15 00:00:00",1230000
"2018030501368001",4,"DEED","2","ZINK, TERRY","38-35 204TH STREET","","US","BAYSIDE","NY","11361","2018-03-15 00:00:00",1230000
"2018032200262001",4,"DEED","1","SKY VIEW PARC II, L.P.","712 FIFTH AVENUE","","US","NEW YORK","NY","10019","2018-03-23 00:00:00",1209923.34
"2018032200262001",4,"DEED","2","HONG, JULLY","201 EAST 15TH STREET, APT 2H","","US","NEW YORK","NY","10003","2018-03-23 00:00:00",1209923.34
"2018032200262001",4,"DEED","2","KIM, BENJAMIN S.","201 EAST 15TH STREET, APT 2H","","US","NEW YORK","NY","10003","2018-03-23 00:00:00",1209923.34
"2018032300746001",4,"DEED","1","CHENG, KEUNG","24-25 LITTLE NECK BLVD.","","US","BAYSIDE","NY","11360","2018-03-30 00:00:00",1200000
"2018032300746001",4,"DEED","1","CHEN, ZHI MIN","24-25 LITTLE NECK BLVD.","","US","BAYSIDE","NY","11360","2018-03-30 00:00:00",1200000
"2018032300746001",4,"DEED","2","CHENG, HING","160-43 23 AVE.","","US","WHITESTONE","NY","11357","2018-03-30 00:00:00",1200000
"2018032300746001",4,"DEED","2","LIN, XIAO JING","160-43 23 AVE.","","US","WHITESTONE","NY","11357","2018-03-30 00:00:00",1200000
"2018032700673002",4,"DEED","1","LEE, VICTORIA LE-BEE","20 LOCUST STREET","","US","MANHASSET","NY","11030","2018-03-27 00:00:00",1200000
"2018032700673002",4,"DEED","1","LEE, YOUNGMI M","20 LOCUST STREET","","US","MANHASSET","NY","11030","2018-03-27 00:00:00",1200000
"2018032700673002",4,"DEED","2","GHEE, STEPHEN","1 HURON ROAD","","US","BELLEROSE VILLAGE","NY","11001","2018-03-27 00:00:00",1200000
"2018032700673002",4,"DEED","2","OH , SOON HEA","1 HURON ROAD","","US","BELLEROSE VILLAGE","NY","11001","2018-03-27 00:00:00",1200000
"2018032700673002",4,"DEED","2","PAI, PAUL","1 HURON ROAD","","US","BELLEROSE VILLAGE","NY","11001","2018-03-27 00:00:00",1200000
"2018031500804001",4,"DEED","1","ZILZ, LINXIN SUN","14-24 140TH STREET","","US","WHITESTONE","NY","11357","2018-03-19 00:00:00",1190000
"2018031500804001",4,"DEED","2","PAVLOUNIS, GEORGE","144-53 SOUTH DRIVE","","US","MALBA","NY","11357","2018-03-19 00:00:00",1190000
"2018031500804001",4,"DEED","2","PAVLOUNIS, VERA","144-53 SOUTH DRIVE","","US","MALBA","NY","11357","2018-03-19 00:00:00",1190000
"2018031600806003",4,"DEED","1","GUARINO, DANIEL","144-33 NORTH DRIVE","","US","WHITESTONE","NY","11357","2018-03-20 00:00:00",1145000
"2018031600806003",4,"DEED","1","MAIMONE, DANIELLE","144-33 NORTH DRIVE","","US","WHITESTONE","NY","11357","2018-03-20 00:00:00",1145000
"2018031600806003",4,"DEED","2","CESTARO, JOHN","150-31 12TH AVENUE, UNIT # 223","","US","WHITESTONE","NY","11357","2018-03-20 00:00:00",1145000
"2018031600086001",4,"DEED","1","MERSTEN, ROBERT","57-23 253RD STREET","","US","DOUGLASTON","NY","11362","2018-03-26 00:00:00",1140000
"2018031600086001",4,"DEED","1","MERSTEN, SHERYL","57-23 253RD STREET","","US","DOUGLASTON","NY","11362","2018-03-26 00:00:00",1140000
"2018031600086001",4,"DEED","2","DXC HOME LLC","6408 MARATHON PKWY","","US","LITTLE NECK","NY","11362","2018-03-26 00:00:00",1140000
"2018031400156001",4,"DEED","1","ADAMSKY, JOHANNA","AS SURVIVING TENANT","9-24 129TH STREET","US","COLLEGE POINT","NY","11356","2018-03-15 00:00:00",1130000
"2018031400156001",4,"DEED","2","WU, JIE","9-24 129TH STREET","","US","COLLEGE POINT","NY","11356","2018-03-15 00:00:00",1130000
"2018032801410001",4,"DEED","1","LILIEN, TRUSTEE , IRA","67-15 183RD STREET","","US","FRESH MEADOWS","NY","11365","2018-03-29 00:00:00",1130000
"2018032801410001",4,"DEED","1","LILIEN, TRUSTEE, MICHELE","67-15 183RD STREET","","US","FRESH MEADOWS","NY","11365","2018-03-29 00:00:00",1130000
"2018032801410001",4,"DEED","1","RACHEL M 2016 RP REVOCABLE TRUST","67-15 183RD STREET","","US","FRESH MEADOWS","NY","11365","2018-03-29 00:00:00",1130000
"2018032801410001",4,"DEED","2","PINKHASOVA, TAMARA","108-49 65TH AVENUE","","US","FOREST HILLS","NY","11375","2018-03-29 00:00:00",1130000
"2018030900477001",4,"DEED","1","FENG , WILLIAM","138-35 39TH AVE., UNIT 7B","","US","FLUSHING","NY","11354","2018-03-12 00:00:00",1115000
"2018030900477001",4,"DEED","1","ZHOU, JEFFREY ZHI","138-35 39TH AVE, UNIT 7B","","US","FLUSHING","NY","11354","2018-03-12 00:00:00",1115000
"2018030900477001",4,"DEED","2","CHEN, XIANG","173 COUNTRY CLUB DR","","US","COMMACK","NY","11725","2018-03-12 00:00:00",1115000
"2018030900477001",4,"DEED","2","LI , HONG","173 COUNTRY CLUB DR","","US","COMMACK","NY","117254460","2018-03-12 00:00:00",1115000
"2018032701099001",4,"DEED","1","DOUVRES, CALLIOPE","5601 215TH ST","","US","BAYSIDE HILLS","NY","113641837","2018-03-29 00:00:00",1110000
"2018032701099001",4,"DEED","1","MOLIVIATIS, CALLIOPE DOUVRES","5601 215TH ST","","US","BAYSIDE HILLS","NY","113641837","2018-03-29 00:00:00",1110000
"2018032701099001",4,"DEED","1","MOLIVIATIS, WILLIAM","5601 215TH ST","","US","BAYSIDE HILLS","NY","113641837","2018-03-29 00:00:00",1110000
"2018032701099001",4,"DEED","2","QU, XIU CHANG","9420 ALSTYNE AVENUE","","US","ELMHURST","NY","11373","2018-03-29 00:00:00",1110000
"2018032701099001",4,"DEED","2","YE, AMY","9420 ALSTYNE AVENUE","","US","ELMHURST","NY","11373","2018-03-29 00:00:00",1110000
"2018030600462001",4,"DEED","1","WIERNIK, RUBEN","74 ASCAN AVENUE","","US","FOREST HILLS","NY","11375","2018-03-08 00:00:00",1108000
"2018030600462001",4,"DEED","2","ZUNG, MICHAEL","67-109 DARTMOUTH STREET","","US","FOREST HILLS","NY","11375","2018-03-08 00:00:00",1108000
"2018032200692001",5,"BOTH RPTT AND RETT","1","TANZI, DONNA","10 HOFSTRA DR","","US","GREENLAWN","NY","117401908","2018-03-28 00:00:00",262000
"2018032200692001",5,"BOTH RPTT AND RETT","1","TANZI, MARINO","10 HOFSTRA DR","","US","GREENLAWN","NY","117401908","2018-03-28 00:00:00",262000
"2018032200692001",5,"BOTH RPTT AND RETT","2","MCCORD, JANE","1160 RICHMOND ROAD","UNIT 7K","US","STATEN ISLAND","NY","10304","2018-03-28 00:00:00",262000
"2018030500370001",5,"BOTH RPTT AND RETT","1","TABAK, IRENA","412 MARYLAND AVENUE","APT. 1C","US","STATEN ISLAND","NY","10305","2018-03-14 00:00:00",255000
"2018030500370001",5,"BOTH RPTT AND RETT","1","TABAK, JERZY","412 MARYLAND AVENUE","APT. 1C","US","STATEN ISLAND","NY","10305","2018-03-14 00:00:00",255000
"2018030500370001",5,"BOTH RPTT AND RETT","2","SARALEGUI, LUIS","553 82ND STREET","APT. 2R","US","BROOKLYN","NY","11209","2018-03-14 00:00:00",255000
"2018030500370001",5,"BOTH RPTT AND RETT","2","SARALEGUI, MILAGROS","553 82ND STREET","APT. 2R","US","BROOKLYN","NY","11209","2018-03-14 00:00:00",255000
"2018031900248001",5,"BOTH RPTT AND RETT","1","LINTAG, ROLANDO","36 HAMILTON AVE","","US","STATEN ISLAND","NY","103011816","2018-03-22 00:00:00",245000
"2018031900248001",5,"BOTH RPTT AND RETT","2","FERTITTA, FRANK S III","105 ST. MARYS AVENUE","","US","STATEN ISLAND","NY","10305","2018-03-22 00:00:00",245000
"2018030801436001",5,"BOTH RPTT AND RETT","1","DILLON, DENIS","350 RICHMOND TERRACE, UNIT 2E","","US","STATEN ISLAND","NY","10301","2018-03-09 00:00:00",240000
"2018030801436001",5,"BOTH RPTT AND RETT","2","RUSS, JESSICA","34 ACADEMY PLACE","","US","STATEN ISLAND","NY","10301","2018-03-09 00:00:00",240000
"2018030700227001",5,"BOTH RPTT AND RETT","1","SMITH, CONCETTA","420 MARYLAND AVENUE","","US","STATEN ISLAND","NY","10305","2018-03-14 00:00:00",227000
"2018030700227001",5,"BOTH RPTT AND RETT","1","SMITH, JAMES","420 MARYLAND AVENUE","","US","STATEN ISLAND","NY","10305","2018-03-14 00:00:00",227000
"2018030700227001",5,"BOTH RPTT AND RETT","2","BARBA, STEPHEN","420 MARYLAND AVENUE","","US","STATEN ISLAND","NY","10305","2018-03-14 00:00:00",227000
"2018030700227001",5,"BOTH RPTT AND RETT","2","GAGLIARDO, NINA","420 MARYLAND AVENUE","","US","STATEN ISLAND","NY","10305","2018-03-14 00:00:00",227000
"2018030800463001",5,"BOTH RPTT AND RETT","1","RYEN, DIANE","80 LEVERETT AVENUE","","US","STATEN ISLAND","NY","10308","2018-03-16 00:00:00",225000
"2018030800463001",5,"BOTH RPTT AND RETT","2","BUCCHERI, NICOLE","3747 AMBOY RAOD, UNIT 9A","","US","STATEN ISLAND","NY","10308","2018-03-16 00:00:00",225000
"2018030800463001",5,"BOTH RPTT AND RETT","2","GIOSCIA, ANDREW","3747 AMBOY ROAD, UNIT 9A","","US","STATEN ISLAND","NY","10308","2018-03-16 00:00:00",225000
"2018031200152001",5,"BOTH RPTT AND RETT","1","SMITH, CHRISTOPHER","49 VERA STREET, UNIT C","","US","STATEN ISLAND","NY","10305","2018-03-12 00:00:00",159900
"2018031200152001",5,"BOTH RPTT AND RETT","2","FEST, MARINA","49 VERA STREET, UNIT C","","US","STATEN ISLAND","NY","10305","2018-03-12 00:00:00",159900
"2018032000981001",5,"BOTH RPTT AND RETT","1","QUATTROCCHI, MARY","20 CLIFF ST","","US","STATEN ISLAND","NY","103053905","2018-03-22 00:00:00",150000
"2018032000981001",5,"BOTH RPTT AND RETT","2","KELLY, LORAN","20 CLIFF ST","","US","STATEN ISLAND","NY","103053905","2018-03-22 00:00:00",150000
"2018031500388001",5,"BOTH RPTT AND RETT","1","HUA, SHU MING","330 SKYLINE DRIVE","","US","STATEN ISLAND","NY","10304","2018-03-20 00:00:00",116500
"2018031500388001",5,"BOTH RPTT AND RETT","1","HUA, TOMMY","330 SKYLINE DR","","US","STATEN ISLAND","NY","103044607","2018-03-20 00:00:00",116500
"2018031500388001",5,"BOTH RPTT AND RETT","2","BINKIN, MARGARITA","87 NARROWS ROAD","","US","STATEN ISLAND","NY","10305","2018-03-20 00:00:00",116500
"2018031500388001",5,"BOTH RPTT AND RETT","2","LIVSHITS, DMITRIY","87 NARROWS ROAD","","US","STATEN ISLAND","NY","10305","2018-03-20 00:00:00",116500
